,Close,High,Low,Open,Volume
2023-09-21,26567.6328125,27152.939453125,26389.30078125,27129.83984375,13371443708.0
2023-09-22,26579.568359375,26726.078125,26495.533203125,26564.056640625,10578746709.0
2023-09-23,26579.390625,26634.185546875,26520.51953125,26578.556640625,7404700301.0
2023-09-24,26256.826171875,26716.05859375,26221.05078125,26579.373046875,8192867686.0
2023-09-25,26298.48046875,26421.5078125,26011.46875,26253.775390625,11997833257.0
2023-09-26,26217.25,26389.884765625,26090.712890625,26294.7578125,9985498161.0
2023-09-27,26352.716796875,26817.841796875,26111.46484375,26209.498046875,11718380997.0
2023-09-28,27021.546875,27259.5,26327.322265625,26355.8125,14079002707.0
2023-09-29,26911.720703125,27225.9375,26721.763671875,27024.841796875,10396435377.0
2023-09-30,26967.916015625,27091.794921875,26888.96875,26911.689453125,5331172801.0
2023-10-01,27983.75,28047.23828125,26965.09375,26967.396484375,9503917434.0
2023-10-02,27530.78515625,28494.458984375,27347.787109375,27976.798828125,19793041322.0
2023-10-03,27429.978515625,27667.19140625,27216.001953125,27508.251953125,11407814187.0
2023-10-04,27799.39453125,27826.658203125,27248.10546875,27429.07421875,11143355314.0
2023-10-05,27415.912109375,28091.861328125,27375.6015625,27798.646484375,11877253670.0
2023-10-06,27946.59765625,28252.537109375,27215.552734375,27412.123046875,13492391599.0
2023-10-07,27968.83984375,28028.091796875,27870.423828125,27946.78125,6553044316.0
2023-10-08,27935.08984375,28102.169921875,27740.662109375,27971.677734375,7916875290.0
2023-10-09,27583.677734375,27989.470703125,27302.5625,27934.47265625,12007668568.0
2023-10-10,27391.01953125,27715.84765625,27301.654296875,27589.201171875,9973350678.0
2023-10-11,26873.3203125,27474.115234375,26561.099609375,27392.076171875,13648094333.0
2023-10-12,26756.798828125,26921.439453125,26558.3203125,26873.29296875,9392909295.0
2023-10-13,26862.375,27092.697265625,26686.322265625,26752.87890625,15165312851.0
2023-10-14,26861.70703125,26969.0,26814.5859375,26866.203125,5388116782.0
2023-10-15,27159.65234375,27289.169921875,26817.89453125,26858.01171875,7098201980.0
2023-10-16,28519.466796875,29448.138671875,27130.47265625,27162.62890625,27833876539.0
2023-10-17,28415.748046875,28618.751953125,28110.185546875,28522.09765625,14872527508.0
2023-10-18,28328.341796875,28889.009765625,28174.251953125,28413.53125,12724128586.0
2023-10-19,28719.806640625,28892.474609375,28177.98828125,28332.416015625,14448058195.0
2023-10-20,29682.94921875,30104.0859375,28601.669921875,28732.8125,21536125230.0
2023-10-21,29918.412109375,30287.482421875,29481.751953125,29683.380859375,11541146996.0
2023-10-22,29993.896484375,30199.43359375,29720.3125,29918.654296875,10446520040.0
2023-10-23,33086.234375,34370.4375,30097.828125,30140.685546875,38363572311.0
2023-10-24,33901.52734375,35150.43359375,32880.76171875,33077.3046875,44934999645.0
2023-10-25,34502.8203125,35133.7578125,33709.109375,33916.04296875,25254318008.0
2023-10-26,34156.6484375,34832.91015625,33762.32421875,34504.2890625,19427195376.0
2023-10-27,33909.80078125,34238.2109375,33416.88671875,34156.5,16418032871.0
2023-10-28,34089.57421875,34399.390625,33874.8046875,33907.72265625,10160330825.0
2023-10-29,34538.48046875,34743.26171875,33947.56640625,34089.37109375,11160323986.0
2023-10-30,34502.36328125,34843.93359375,34110.97265625,34531.7421875,17184860315.0
2023-10-31,34667.78125,34719.25390625,34083.30859375,34500.078125,15758270810.0
2023-11-01,35437.25390625,35527.9296875,34170.69140625,34657.2734375,22446272005.0
2023-11-02,34938.2421875,35919.84375,34401.57421875,35441.578125,20998158544.0
2023-11-03,34732.32421875,34942.47265625,34133.44140625,34942.47265625,17158456701.0
2023-11-04,35082.1953125,35256.03125,34616.69140625,34736.32421875,9561294264.0
2023-11-05,35049.35546875,35340.33984375,34594.2421875,35090.01171875,12412743996.0
2023-11-06,35037.37109375,35286.02734375,34765.36328125,35044.7890625,12693436420.0
2023-11-07,35443.5625,35892.41796875,34545.81640625,35047.79296875,18834737789.0
2023-11-08,35655.27734375,35994.41796875,35147.80078125,35419.4765625,17295394918.0
2023-11-09,36693.125,37926.2578125,35592.1015625,35633.6328125,37762672382.0
2023-11-10,37313.96875,37493.80078125,36362.75390625,36702.25,22711265155.0
2023-11-11,37138.05078125,37407.09375,36773.66796875,37310.0703125,13924272142.0
2023-11-12,37054.51953125,37227.69140625,36779.1171875,37133.9921875,11545715999.0
2023-11-13,36502.35546875,37405.1171875,36399.60546875,37070.3046875,19057712790.0
2023-11-14,35537.640625,36753.3515625,34948.5,36491.7890625,23857403554.0
2023-11-15,37880.58203125,37964.89453125,35383.78125,35548.11328125,27365821679.0
2023-11-16,36154.76953125,37934.625,35545.47265625,37879.98046875,26007385366.0
2023-11-17,36596.68359375,36704.484375,35901.234375,36164.82421875,22445028430.0
2023-11-18,36585.703125,36839.28125,36233.3125,36625.37109375,11886022717.0
2023-11-19,37386.546875,37509.35546875,36414.59765625,36585.765625,12915986553.0
2023-11-20,37476.95703125,37756.8203125,36882.53125,37374.07421875,20888209068.0
2023-11-21,35813.8125,37631.140625,35813.8125,37469.16015625,25172163756.0
2023-11-22,37432.33984375,37856.98046875,35670.97265625,35756.5546875,24397247860.0
2023-11-23,37289.62109375,37643.91796875,36923.86328125,37420.43359375,14214948217.0
2023-11-24,37720.28125,38415.33984375,37261.60546875,37296.31640625,22922957823.0
2023-11-25,37796.79296875,37892.4296875,37617.41796875,37721.4140625,9099571165.0
2023-11-26,37479.12109375,37820.30078125,37162.75,37796.828125,13744796068.0
2023-11-27,37254.16796875,37559.35546875,36750.12890625,37454.19140625,19002925720.0
2023-11-28,37831.0859375,38368.48046875,36891.08984375,37247.9921875,21696137014.0
2023-11-29,37858.4921875,38366.11328125,37612.6328125,37826.10546875,20728546658.0
2023-11-30,37712.74609375,38141.75390625,37531.140625,37861.1171875,18115982627.0
2023-12-01,38688.75,38954.109375,37629.359375,37718.0078125,23512784002.0
2023-12-02,39476.33203125,39678.9375,38652.59375,38689.27734375,15534035612.0
2023-12-03,39978.390625,40135.60546875,39298.1640625,39472.20703125,15769696322.0
2023-12-04,41980.09765625,42371.75,39978.62890625,39978.62890625,39856129827.0
2023-12-05,44080.6484375,44408.6640625,41421.1484375,41986.265625,36312154535.0
2023-12-06,43746.4453125,44265.76953125,43478.08203125,44080.0234375,29909761586.0
2023-12-07,43292.6640625,44042.58984375,42880.6484375,43769.1328125,27635760671.0
2023-12-08,44166.6015625,44705.515625,43125.296875,43293.13671875,24421116687.0
2023-12-09,43725.984375,44361.2578125,43627.59765625,44180.01953125,17368210171.0
2023-12-10,43779.69921875,44034.625,43593.28515625,43728.3828125,13000481418.0
2023-12-11,41243.83203125,43808.375,40234.578125,43792.01953125,40632672038.0
2023-12-12,41450.22265625,42048.3046875,40667.5625,41238.734375,24779520132.0
2023-12-13,42890.7421875,43429.78125,40676.8671875,41468.46484375,26797884674.0
2023-12-14,43023.97265625,43390.859375,41767.08984375,42884.26171875,25578530178.0
2023-12-15,41929.7578125,43087.82421875,41692.96875,43028.25,19639442462.0
2023-12-16,42240.1171875,42664.9453125,41723.11328125,41937.7421875,14386729590.0
2023-12-17,41364.6640625,42359.49609375,41274.54296875,42236.109375,16678702876.0
2023-12-18,42623.5390625,42720.296875,40530.2578125,41348.203125,25224642008.0
2023-12-19,42270.52734375,43354.296875,41826.3359375,42641.51171875,23171001281.0
2023-12-20,43652.25,44275.5859375,42223.81640625,42261.30078125,27868908174.0
2023-12-21,43869.15234375,44240.66796875,43330.05078125,43648.125,22452766169.0
2023-12-22,43997.90234375,44367.95703125,43441.96875,43868.98828125,21028503216.0
2023-12-23,43739.54296875,44015.69921875,43351.35546875,44012.19921875,13507796558.0
2023-12-24,43016.1171875,43945.5234375,42786.91796875,43728.3671875,18830554085.0
2023-12-25,43613.140625,43765.09375,42765.76953125,43010.57421875,21115795370.0
2023-12-26,42520.40234375,43603.17578125,41676.48828125,43599.84765625,30026850982.0
2023-12-27,43442.85546875,43683.16015625,42167.58203125,42518.46875,25260941032.0
2023-12-28,42627.85546875,43804.78125,42318.55078125,43468.19921875,22992093014.0
2023-12-29,42099.40234375,43124.32421875,41424.0625,42614.64453125,26000021055.0
2023-12-30,42156.90234375,42584.125,41556.2265625,42091.75390625,16013925945.0
2023-12-31,42265.1875,42860.9375,41998.25390625,42152.09765625,16397498810.0
2024-01-01,44167.33203125,44175.4375,42214.9765625,42280.234375,18426978443.0
2024-01-02,44957.96875,45899.70703125,44176.94921875,44187.140625,39335274536.0
2024-01-03,42848.17578125,45503.2421875,40813.53515625,44961.6015625,46342323118.0
2024-01-04,44179.921875,44770.0234375,42675.17578125,42855.81640625,30448091210.0
2024-01-05,44162.69140625,44353.28515625,42784.71875,44192.98046875,32336029347.0
2024-01-06,43989.1953125,44227.6328125,43475.15625,44178.953125,16092503468.0
2024-01-07,43943.09765625,44495.5703125,43662.23046875,43998.46484375,19330573863.0
2024-01-08,46970.50390625,47218.0,43244.08203125,43948.70703125,42746192015.0
2024-01-09,46139.73046875,47893.69921875,45244.71484375,46987.640625,39821290992.0
2024-01-10,46627.77734375,47647.22265625,44483.15234375,46121.5390625,50114613298.0
2024-01-11,46368.5859375,48969.37109375,45678.64453125,46656.07421875,45833734549.0
2024-01-12,42853.16796875,46498.13671875,41903.76953125,46354.79296875,43332698900.0
2024-01-13,42842.3828125,43234.66015625,42464.14453125,42799.4453125,20601860469.0
2024-01-14,41796.26953125,43065.59765625,41724.61328125,42842.26171875,17521429522.0
2024-01-15,42511.96875,43319.72265625,41705.41796875,41715.06640625,22320220558.0
2024-01-16,43154.9453125,43566.2734375,42085.99609375,42499.3359375,24062872740.0
2024-01-17,42742.65234375,43189.890625,42189.30859375,43132.1015625,20851232595.0
2024-01-18,41262.05859375,42876.34765625,40631.171875,42742.3125,25218357242.0
2024-01-19,41618.40625,42134.16015625,40297.45703125,41278.4609375,25752407154.0
2024-01-20,41665.5859375,41877.89453125,41446.82421875,41624.58984375,11586690904.0
2024-01-21,41545.78515625,41855.3671875,41497.0078125,41671.48828125,9344043642.0
2024-01-22,39507.3671875,41651.20703125,39450.1171875,41553.65234375,31338708143.0
2024-01-23,39845.55078125,40127.3515625,38521.89453125,39518.71484375,29244553045.0
2024-01-24,40077.07421875,40483.78515625,39508.796875,39877.59375,22359526178.0
2024-01-25,39933.80859375,40254.48046875,39545.6640625,40075.55078125,18491782013.0
2024-01-26,41816.87109375,42209.38671875,39825.69140625,39936.81640625,25598119893.0
2024-01-27,42120.0546875,42195.6328125,41431.28125,41815.625,11422941934.0
2024-01-28,42035.59375,42797.17578125,41696.91015625,42126.125,16858971687.0
2024-01-29,43288.24609375,43305.8671875,41818.33203125,42030.9140625,20668476578.0
2024-01-30,42952.609375,43838.9453125,42711.37109375,43300.2265625,23842814518.0
2024-01-31,42582.60546875,43717.40625,42298.9453125,42946.25,24673628793.0
2024-02-01,43075.7734375,43243.16796875,41879.19140625,42569.76171875,21423953779.0
2024-02-02,43185.859375,43422.48828125,42584.3359375,43077.640625,18603843039.0
2024-02-03,42992.25,43359.94140625,42890.80859375,43184.96484375,11169245236.0
2024-02-04,42583.58203125,43097.64453125,42374.83203125,42994.94140625,14802225490.0
2024-02-05,42658.66796875,43494.25,42264.81640625,42577.62109375,18715487317.0
2024-02-06,43084.671875,43344.1484375,42529.01953125,42657.390625,16798476726.0
2024-02-07,44318.22265625,44341.94921875,42775.95703125,43090.01953125,21126587775.0
2024-02-08,45301.56640625,45575.83984375,44332.125,44332.125,26154524080.0
2024-02-09,47147.19921875,48152.49609375,45260.82421875,45297.3828125,39316770844.0
2024-02-10,47771.27734375,48146.171875,46905.3203125,47153.52734375,16398681570.0
2024-02-11,48293.91796875,48535.9375,47617.40625,47768.96875,19315867136.0
2024-02-12,49958.22265625,50280.4765625,47745.76171875,48296.38671875,34511985805.0
2024-02-13,49742.44140625,50358.390625,48406.49609375,49941.359375,35593051468.0
2024-02-14,51826.6953125,52021.37109375,49296.83203125,49733.4453125,39105608050.0
2024-02-15,51938.5546875,52820.06640625,51371.62890625,51836.78515625,38564360533.0
2024-02-16,52160.203125,52537.96875,51641.3671875,51937.7265625,28180567298.0
2024-02-17,51662.99609375,52191.9140625,50669.66796875,52161.67578125,20009091006.0
2024-02-18,52122.546875,52356.96484375,51233.70703125,51661.96875,17595377311.0
2024-02-19,51779.14453125,52483.32421875,51711.8203125,52134.8125,21362184346.0
2024-02-20,52284.875,52945.05078125,50792.3125,51777.7265625,33353758256.0
2024-02-21,51839.1796875,52368.81640625,50671.7578125,52273.53515625,28624907020.0
2024-02-22,51304.97265625,52009.61328125,50926.29296875,51854.64453125,25413900611.0
2024-02-23,50731.94921875,51497.93359375,50561.77734375,51283.90625,21427078270.0
2024-02-24,51571.1015625,51684.1953125,50585.4453125,50736.37109375,15174077879.0
2024-02-25,51733.23828125,51950.02734375,51306.171875,51565.21484375,15413239245.0
2024-02-26,54522.40234375,54938.17578125,50931.03125,51730.5390625,34074411896.0
2024-02-27,57085.37109375,57537.83984375,54484.19921875,54519.36328125,49756832031.0
2024-02-28,62504.7890625,63913.1328125,56738.42578125,57071.09765625,83239156760.0
2024-02-29,61198.3828125,63585.64453125,60498.73046875,62499.18359375,65496611844.0
2024-03-01,62440.6328125,63155.1015625,60802.52734375,61168.0625,40186368423.0
2024-03-02,62029.84765625,62458.69921875,61657.2890625,62431.65234375,23888473685.0
2024-03-03,63167.37109375,63230.2109375,61435.0234375,62031.578125,26253811450.0
2024-03-04,68330.4140625,68537.03125,62386.51953125,63137.00390625,70670471105.0
2024-03-05,63801.19921875,69170.625,59323.91015625,68341.0546875,102802940877.0
2024-03-06,66106.8046875,67637.9296875,62848.671875,63776.05078125,68750229073.0
2024-03-07,66925.484375,68029.921875,65655.53125,66099.7421875,46989543159.0
2024-03-08,68300.09375,70083.0546875,66230.453125,66938.09375,59202881172.0
2024-03-09,68498.8828125,68673.0546875,68053.125,68299.2578125,21609650379.0
2024-03-10,69019.7890625,70005.203125,68239.9765625,68500.2578125,35683977532.0
2024-03-11,72123.90625,72850.7109375,67194.8828125,69020.546875,65716656765.0
2024-03-12,71481.2890625,72825.65625,68728.8515625,72125.125,62554434520.0
2024-03-13,73083.5,73637.4765625,71334.09375,71482.1171875,48212536929.0
2024-03-14,71396.59375,73750.0703125,68563.0234375,73079.375,59594605698.0
2024-03-15,69403.7734375,72357.1328125,65630.6953125,71387.875,78320453976.0
2024-03-16,65315.1171875,70046.2734375,64801.39453125,69392.484375,46842198371.0
2024-03-17,68390.625,68845.71875,64545.31640625,65316.34375,44716864318.0
2024-03-18,67548.59375,68897.1328125,66594.2265625,68371.3046875,49261579492.0
2024-03-19,61912.7734375,68106.9296875,61536.1796875,67556.1328125,74215844794.0
2024-03-20,67913.671875,68115.2578125,60807.78515625,61930.15625,66792634382.0
2024-03-21,65491.390625,68199.9921875,64580.91796875,67911.5859375,44480350565.0
2024-03-22,63778.76171875,66623.75,62355.37109375,65489.9296875,41401116964.0
2024-03-23,64062.203125,65976.3984375,63038.4921875,63802.72265625,24738964812.0
2024-03-24,67234.171875,67622.7578125,63825.8515625,64070.75390625,27206630673.0
2024-03-25,69958.8125,71162.59375,66414.8359375,67234.09375,42700139523.0
2024-03-26,69987.8359375,71535.7421875,69335.609375,69931.328125,36010437368.0
2024-03-27,69455.34375,71727.6875,68381.9296875,69991.8984375,40827113309.0
2024-03-28,70744.953125,71546.0234375,68895.5078125,69452.7734375,34374900617.0
2024-03-29,69892.828125,70913.09375,69076.65625,70744.796875,25230851763.0
2024-03-30,69645.3046875,70355.4921875,69601.0625,69893.4453125,17130241883.0
2024-03-31,71333.6484375,71377.78125,69624.8671875,69647.78125,20050941373.0
2024-04-01,69702.1484375,71342.09375,68110.6953125,71333.484375,34873527352.0
2024-04-02,65446.97265625,69708.3828125,64586.59375,69705.0234375,50705240709.0
2024-04-03,65980.8125,66914.3203125,64559.8984375,65446.671875,34488018367.0
2024-04-04,68508.84375,69291.2578125,65113.796875,65975.6953125,34439527442.0
2024-04-05,67837.640625,68725.7578125,66011.4765625,68515.7578125,33748230056.0
2024-04-06,68896.109375,69629.6015625,67491.71875,67840.5703125,19967785809.0
2024-04-07,69362.5546875,70284.4296875,68851.6328125,68897.109375,21204930369.0
2024-04-08,71631.359375,72715.359375,69064.2421875,69362.5546875,37261432669.0
2024-04-09,69139.015625,71742.5078125,68212.921875,71632.5,36426900409.0
2024-04-10,70587.8828125,71093.4296875,67503.5625,69140.2421875,38318601774.0
2024-04-11,70060.609375,71256.234375,69571.8125,70575.734375,30153382941.0
2024-04-12,67195.8671875,71222.7421875,65254.8359375,70061.3828125,44129299406.0
2024-04-13,63821.47265625,67931.4296875,60919.10546875,67188.375,52869738185.0
2024-04-14,65738.7265625,65824.4296875,62205.8515625,63836.23046875,49084320047.0
2024-04-15,63426.2109375,66878.6484375,62332.0703125,65739.6484375,43595917654.0
2024-04-16,63811.86328125,64355.66796875,61716.40234375,63419.296875,42847528078.0
2024-04-17,61276.69140625,64486.36328125,59768.5859375,63831.84765625,41915247049.0
2024-04-18,63512.75390625,64125.6875,60833.48046875,61275.31640625,36006307335.0
2024-04-19,63843.5703125,65481.59765625,59651.390625,63510.75,49920425401.0
2024-04-20,64994.44140625,65442.45703125,63172.40234375,63851.1015625,23097485495.0
2024-04-21,64926.64453125,65723.2421875,64277.72265625,64992.81640625,20506644853.0
2024-04-22,66837.6796875,67233.9609375,64548.1796875,64935.6328125,28282686673.0
2024-04-23,66407.2734375,67199.2421875,65864.8671875,66839.890625,24310975583.0
2024-04-24,64276.8984375,67075.3671875,63589.87109375,66408.71875,30276655120.0
2024-04-25,64481.70703125,65275.20703125,62783.6328125,64275.01953125,32155786816.0
2024-04-26,63755.3203125,64789.65625,63322.3984375,64485.37109375,24139372950.0
2024-04-27,63419.140625,63898.36328125,62424.71875,63750.98828125,19530783039.0
2024-04-28,63113.23046875,64321.484375,62793.59765625,63423.515625,17334827993.0
2024-04-29,63841.12109375,64174.87890625,61795.45703125,63106.36328125,26635912073.0
2024-04-30,60636.85546875,64703.33203125,59120.06640625,63839.41796875,37840840057.0
2024-05-01,58254.01171875,60780.5,56555.29296875,60609.49609375,48439780271.0
2024-05-02,59123.43359375,59602.296875,56937.203125,58253.703125,32711813559.0
2024-05-03,62889.8359375,63320.50390625,58848.3125,59122.30078125,33172023048.0
2024-05-04,63891.47265625,64494.95703125,62599.3515625,62891.03125,20620477992.0
2024-05-05,64031.1328125,64610.890625,62955.3046875,63892.453125,18296164805.0
2024-05-06,63161.94921875,65494.90234375,62746.23828125,64038.3125,28697928697.0
2024-05-07,62334.81640625,64390.45703125,62285.98046875,63162.76171875,25930730982.0
2024-05-08,61187.94140625,62986.0859375,60877.12890625,62332.640625,26088172222.0
2024-05-09,63049.9609375,63404.9140625,60648.07421875,61191.19921875,25453338161.0
2024-05-10,60792.77734375,63446.7421875,60208.78125,63055.19140625,27804954694.0
2024-05-11,60793.7109375,61451.15234375,60492.625,60793.35546875,13842272968.0
2024-05-12,61448.39453125,61818.15625,60632.6015625,60793.50390625,13800459405.0
2024-05-13,62901.44921875,63422.66015625,60769.83984375,61451.21875,27889181179.0
2024-05-14,61552.7890625,63092.125,61123.765625,62900.7734375,28186271527.0
2024-05-15,66267.4921875,66454.453125,61330.41015625,61553.98828125,39815167074.0
2024-05-16,65231.58203125,66712.4296875,64613.0546875,66256.109375,31573077994.0
2024-05-17,67051.875,67459.4609375,65119.31640625,65231.296875,28031279310.0
2024-05-18,66940.8046875,67387.328125,66663.5,67066.2109375,16712277406.0
2024-05-19,66278.3671875,67694.296875,65937.1796875,66937.9296875,19249094538.0
2024-05-20,71448.1953125,71483.5625,66086.171875,66278.7421875,43850655717.0
2024-05-21,70136.53125,71946.4609375,69191.125,71443.0625,46932005990.0
2024-05-22,69122.3359375,70623.6953125,68977.6953125,70135.3203125,32802561717.0
2024-05-23,67929.5625,70041.2734375,66356.953125,69121.3046875,41895680979.0
2024-05-24,68526.1015625,69220.296875,66622.671875,67928.1328125,29197308153.0
2024-05-25,69265.9453125,69579.3203125,68515.8203125,68526.921875,15473071741.0
2024-05-26,68518.09375,69506.2265625,68183.890625,69264.2890625,15628433737.0
2024-05-27,69394.5546875,70597.8828125,68232.5,68512.1796875,25870990717.0
2024-05-28,68296.21875,69514.640625,67227.15625,69392.1953125,32722265965.0
2024-05-29,67578.09375,68852.4609375,67101.4921875,68296.3515625,26707072906.0
2024-05-30,68364.9921875,69500.5390625,67118.078125,67576.0859375,29509712534.0
2024-05-31,67491.4140625,68999.5625,66633.421875,68362.515625,27387283769.0
2024-06-01,67706.9375,67839.765625,67386.1953125,67489.609375,11641495604.0
2024-06-02,67751.6015625,68409.1640625,67315.5234375,67710.2734375,17110588415.0
2024-06-03,68804.78125,70230.8203125,67589.8359375,67753.8984375,32401285324.0
2024-06-04,70567.765625,71047.40625,68564.640625,68804.5703125,33149696545.0
2024-06-05,71082.8203125,71735.4140625,70390.7109375,70568.3515625,32810771409.0
2024-06-06,70757.1640625,71625.734375,70119.125,71082.84375,25223152007.0
2024-06-07,69342.5859375,71907.8515625,68507.2578125,70759.1875,36188381096.0
2024-06-08,69305.7734375,69533.3203125,69210.7421875,69324.1796875,14262185861.0
2024-06-09,69647.9921875,69817.5234375,69160.84375,69297.4921875,13534028500.0
2024-06-10,69512.28125,70146.0703125,69232.421875,69644.3125,20597699541.0
2024-06-11,67332.03125,69549.4140625,66123.6015625,69508.078125,37116136345.0
2024-06-12,68241.1875,69977.890625,66902.453125,67321.375,34497940694.0
2024-06-13,66756.3984375,68365.78125,66304.5625,68243.1015625,28955204146.0
2024-06-14,66011.09375,67294.6484375,65056.89453125,66747.5703125,27403884779.0
2024-06-15,66191.0,66402.1875,65871.7734375,66006.7421875,14121265576.0
2024-06-16,66639.046875,66894.84375,66018.25,66189.359375,13281140541.0
2024-06-17,66490.296875,67188.3203125,65094.96484375,66636.515625,30006354476.0
2024-06-18,65140.74609375,66556.703125,64066.95703125,66490.9765625,39481285950.0
2024-06-19,64960.296875,65695.3515625,64693.30078125,65146.66015625,21103423504.0
2024-06-20,64828.65625,66438.9609375,64547.84765625,64960.296875,25641109124.0
2024-06-21,64096.19921875,65007.546875,63378.89453125,64837.98828125,26188171739.0
2024-06-22,64252.578125,64475.46875,63929.7578125,64113.86328125,9858198793.0
2024-06-23,63180.796875,64491.703125,63180.796875,64248.96484375,11170471802.0
2024-06-24,60277.4140625,63292.52734375,58601.69921875,63173.3515625,43152133651.0
2024-06-25,61804.640625,62258.26171875,60239.75,60266.28125,29201215431.0
2024-06-26,60811.27734375,62434.13671875,60695.1875,61789.67578125,22506003064.0
2024-06-27,61604.80078125,62293.86328125,60585.33203125,60811.2265625,21231745045.0
2024-06-28,60320.13671875,62126.09765625,59985.40234375,61612.8046875,24952866877.0
2024-06-29,60887.37890625,61097.62109375,60300.96484375,60319.875,12652903396.0
2024-06-30,62678.29296875,62892.828125,60632.94921875,60888.4453125,17333226409.0
2024-07-01,62851.98046875,63777.2265625,62495.51171875,62673.60546875,25468379421.0
2024-07-02,62029.015625,63203.359375,61752.74609375,62844.41015625,20151616992.0
2024-07-03,60173.921875,62187.703125,59419.38671875,62034.33203125,29756701685.0
2024-07-04,56977.703125,60399.67578125,56777.8046875,60147.13671875,41149609230.0
2024-07-05,56662.375,57497.15234375,53717.375,57022.80859375,55417544033.0
2024-07-06,58303.5390625,58472.546875,56038.9609375,56659.07421875,20610320577.0
2024-07-07,55849.109375,58371.12109375,55793.32421875,58239.4296875,20553359505.0
2024-07-08,56705.09765625,58131.3359375,54321.01953125,55849.57421875,39766159899.0
2024-07-09,58009.2265625,58239.1953125,56316.875,56704.59765625,27849512607.0
2024-07-10,57742.49609375,59359.43359375,57178.4140625,58033.8828125,26175260526.0
2024-07-11,57344.9140625,59299.43359375,57120.37890625,57729.890625,28707803842.0
2024-07-12,57899.46484375,58532.5546875,56590.17578125,57341.1953125,25604805221.0
2024-07-13,59231.953125,59787.078125,57796.44140625,57908.73828125,17080061806.0
2024-07-14,60787.79296875,61329.52734375,59225.25,59225.25,22223416061.0
2024-07-15,64870.15234375,64870.15234375,60704.9296875,60815.45703125,38094526099.0
2024-07-16,65097.1484375,65354.33984375,62487.96875,64784.41796875,41617346768.0
2024-07-17,64118.79296875,66066.734375,63896.0859375,65091.83203125,32525071311.0
2024-07-18,63974.06640625,65104.66015625,63246.1640625,64104.73828125,27239305337.0
2024-07-19,66710.15625,67442.640625,63329.34375,63972.32421875,37003855410.0
2024-07-20,67163.6484375,67610.734375,66299.6171875,66709.921875,19029581250.0
2024-07-21,68154.5234375,68372.90625,65842.296875,67164.9140625,26652190004.0
2024-07-22,67585.25,68480.0625,66611.296875,68152.9765625,42649109453.0
2024-07-23,65927.671875,67779.015625,65484.4609375,67584.8046875,35605668666.0
2024-07-24,65372.1328125,67113.984375,65146.99609375,65927.859375,27470942309.0
2024-07-25,65777.2265625,66112.421875,63473.47265625,65375.875,38315761670.0
2024-07-26,67912.0625,68207.6015625,65743.765625,65771.8125,30488630457.0
2024-07-27,67813.3359375,69398.5078125,66705.21875,67911.8125,34691905492.0
2024-07-28,68255.8671875,68301.8515625,67085.828125,67808.65625,18043166945.0
2024-07-29,66819.9140625,69987.5390625,66532.59375,68259.0546875,40780682628.0
2024-07-30,66201.015625,66987.671875,65323.19140625,66819.0546875,31380492109.0
2024-07-31,64619.25,66810.2109375,64532.046875,66201.2734375,31292785994.0
2024-08-01,65357.5,65593.2421875,62248.94140625,64625.83984375,40975554494.0
2024-08-02,61415.06640625,65523.22265625,61184.89453125,65353.5,43060875727.0
2024-08-03,60680.09375,62148.37109375,59836.52734375,61414.80859375,31753030589.0
2024-08-04,58116.9765625,61062.98828125,57210.8046875,60676.09375,31758917219.0
2024-08-05,53991.45703125,58268.828125,49121.23828125,58110.296875,108991085584.0
2024-08-06,56034.31640625,57059.91796875,53973.2734375,53991.34765625,49300484106.0
2024-08-07,55027.4609375,57726.8828125,54620.5078125,56040.6328125,41637562185.0
2024-08-08,61710.13671875,62673.765625,54766.7265625,55030.02734375,45298472567.0
2024-08-09,60880.11328125,61751.86328125,59587.859375,61728.20703125,33425553115.0
2024-08-10,60945.8125,61464.51171875,60287.56640625,60881.23046875,15745822278.0
2024-08-11,58719.484375,61778.66015625,58348.82421875,60944.890625,22759754812.0
2024-08-12,59354.515625,60680.33203125,57688.8984375,58719.39453125,37078637820.0
2024-08-13,60609.56640625,61572.3984375,58506.25390625,59356.20703125,30327698167.0
2024-08-14,58737.26953125,61687.7578125,58472.875,60611.05078125,29961696180.0
2024-08-15,57560.09765625,59838.6484375,56161.59375,58733.26171875,35682112440.0
2024-08-16,58894.10546875,59847.359375,57110.01953125,57560.2734375,29350938673.0
2024-08-17,59478.97265625,59694.66796875,58814.83203125,58893.53125,13589684021.0
2024-08-18,58483.96484375,60262.71875,58445.40234375,59468.1328125,17740625837.0
2024-08-19,59493.453125,59612.66015625,57864.7109375,58480.7109375,25911207712.0
2024-08-20,59012.79296875,61396.328125,58610.8828125,59493.453125,31613400008.0
2024-08-21,61175.19140625,61834.3515625,58823.4453125,59014.98828125,32731154072.0
2024-08-22,60381.9140625,61408.109375,59815.25390625,61168.31640625,27625734377.0
2024-08-23,64094.35546875,64947.0625,60372.05078125,60380.953125,42530509233.0
2024-08-24,64178.9921875,64513.7890625,63619.91796875,64103.87109375,21430585163.0
2024-08-25,64333.54296875,64996.421875,63833.51953125,64176.3671875,18827683555.0
2024-08-26,62880.66015625,64489.70703125,62849.55859375,64342.2265625,27682040631.0
2024-08-27,59504.1328125,63210.796875,58116.75,62879.70703125,39103882198.0
2024-08-28,59027.625,60236.44921875,57890.67578125,59507.92578125,40289564698.0
2024-08-29,59388.1796875,61184.08203125,58786.2265625,59027.46875,32224990582.0
2024-08-30,59119.4765625,59896.88671875,57768.53125,59388.6015625,32292756405.0
2024-08-31,58969.8984375,59432.59375,58768.78515625,59117.48046875,12403470760.0
2024-09-01,57325.48828125,59062.0703125,57217.82421875,58969.80078125,24592449997.0
2024-09-02,59112.48046875,59403.0703125,57136.02734375,57326.96875,27036454524.0
2024-09-03,57431.0234375,59815.05859375,57425.16796875,59106.19140625,26666961053.0
2024-09-04,57971.5390625,58511.5703125,55673.1640625,57430.34765625,35627680312.0
2024-09-05,56160.48828125,58300.58203125,55712.453125,57971.703125,31030280656.0
2024-09-06,53948.75390625,56976.109375,52598.69921875,56160.19140625,49361693566.0
2024-09-07,54139.6875,54838.14453125,53740.0703125,53949.0859375,19061486526.0
2024-09-08,54841.56640625,55300.859375,53653.7578125,54147.93359375,18268287531.0
2024-09-09,57019.53515625,58041.125,54598.43359375,54851.88671875,34618096173.0
2024-09-10,57648.7109375,58029.9765625,56419.4140625,57020.09765625,28857630507.0
2024-09-11,57343.171875,57991.3203125,55567.33984375,57650.2890625,37049062672.0
2024-09-12,58127.01171875,58534.359375,57330.1015625,57343.171875,33835707949.0
2024-09-13,60571.30078125,60648.0234375,57650.11328125,58130.32421875,32490528356.0
2024-09-14,60005.12109375,60656.72265625,59517.8828125,60569.1171875,16428405496.0
2024-09-15,59182.8359375,60381.91796875,58696.30859375,60000.7265625,18120960867.0
2024-09-16,58192.5078125,59205.51171875,57501.33984375,59185.2265625,32032822113.0
2024-09-17,60308.5390625,61316.08984375,57628.0703125,58192.5078125,38075570118.0
2024-09-18,61649.6796875,61664.06640625,59218.25390625,60309.0,40990702891.0
2024-09-19,62940.45703125,63872.44140625,61609.8671875,61651.15625,42710252573.0
2024-09-20,63192.9765625,64119.53125,62364.60546875,62941.42578125,35177164222.0
2024-09-21,63394.83984375,63543.359375,62783.10546875,63184.33984375,14408616220.0
2024-09-22,63648.7109375,63993.421875,62440.7265625,63396.8046875,20183348802.0
2024-09-23,63329.80078125,64733.55859375,62628.078125,63643.1015625,31400285425.0
2024-09-24,64301.96875,64695.21484375,62737.41796875,63326.83984375,29938335243.0
2024-09-25,63143.14453125,64804.50390625,62945.375,64302.58984375,25078377700.0
2024-09-26,65181.01953125,65790.796875,62669.26953125,63138.546875,36873129847.0
2024-09-27,65790.6640625,66480.6953125,64852.9921875,65180.6640625,32058813449.0
2024-09-28,65887.6484375,66255.53125,65458.03515625,65792.1796875,15243637984.0
2024-09-29,65635.3046875,66069.34375,65450.015625,65888.8984375,14788214575.0
2024-09-30,63329.5,65635.0546875,62873.6171875,65634.65625,37112957475.0
2024-10-01,60837.0078125,64110.98046875,60189.27734375,63335.60546875,50220923500.0
2024-10-02,60632.78515625,62357.6875,59996.94921875,60836.32421875,40762722398.0
2024-10-03,60759.40234375,61469.0390625,59878.8046875,60632.484375,36106447279.0
2024-10-04,62067.4765625,62465.9921875,60459.94140625,60754.625,29585472513.0
2024-10-05,62089.94921875,62371.0234375,61689.58203125,62067.609375,13305410749.0
2024-10-06,62818.953125,62959.5703125,61833.1484375,62084.98828125,14776233667.0
2024-10-07,62236.66015625,64443.70703125,62152.55078125,62819.109375,34253562610.0
2024-10-08,62131.96875,63174.3046875,61843.5625,62221.64453125,28134475157.0
2024-10-09,60582.1015625,62508.8359375,60314.61328125,62131.7265625,27670982363.0
2024-10-10,60274.5,61236.72265625,58895.20703125,60581.9296875,30452813570.0
2024-10-11,62445.08984375,63400.87109375,60046.125,60275.4609375,30327141594.0
2024-10-12,63193.0234375,63448.78515625,62443.26953125,62444.6171875,16744110886.0
2024-10-13,62851.375,63272.65234375,62035.63671875,63192.9453125,18177529690.0
2024-10-14,66046.125,66482.4921875,62442.15234375,62848.3984375,43706958056.0
2024-10-15,67041.109375,67881.6796875,64809.1953125,66050.3671875,48863870879.0
2024-10-16,67612.71875,68375.2890625,66758.7265625,67042.4609375,38195189534.0
2024-10-17,67399.8359375,67912.2109375,66647.390625,67617.078125,32790898511.0
2024-10-18,68418.7890625,68969.75,67177.8203125,67419.109375,36857165014.0
2024-10-19,68362.734375,68668.0078125,68024.640625,68418.9765625,14443497908.0
2024-10-20,69001.703125,69359.0078125,68105.71875,68364.1796875,18975847518.0
2024-10-21,67367.8515625,69462.734375,66829.8515625,69002.0,37498611780.0
2024-10-22,67361.40625,67801.578125,66581.3671875,67360.703125,31808472566.0
2024-10-23,66432.1953125,67402.7421875,65188.03515625,67362.375,32263980353.0
2024-10-24,68161.0546875,68798.9609375,66454.1015625,66653.703125,31414428647.0
2024-10-25,66642.4140625,68722.15625,65521.79296875,68165.296875,41469984306.0
2024-10-26,67014.6953125,67317.921875,66360.59375,66628.734375,19588098156.0
2024-10-27,67929.296875,68221.3125,66847.2265625,67023.4765625,16721307878.0
2024-10-28,69907.7578125,70212.265625,67535.1328125,67922.671875,38799856657.0
2024-10-29,72720.4921875,73577.2109375,69729.9140625,69910.046875,58541874402.0
2024-10-30,72339.5390625,72905.296875,71411.734375,72715.3671875,40646637831.0
2024-10-31,70215.1875,72662.3125,69590.5,72335.046875,40627912076.0
2024-11-01,69482.46875,71559.015625,68779.703125,70216.8984375,49989795365.0
2024-11-02,69289.2734375,69867.3515625,69033.71875,69486.0234375,18184612091.0
2024-11-03,68741.1171875,69361.65625,67482.5234375,69296.3828125,34868307655.0
2024-11-04,67811.5078125,69433.1796875,66803.6484375,68742.1328125,41184819348.0
2024-11-05,69359.5625,70522.7890625,67458.8671875,67811.171875,46046889204.0
2024-11-06,75639.078125,76460.15625,69322.03125,69358.5,118592653963.0
2024-11-07,75904.859375,76943.1171875,74480.421875,75637.0859375,63467654989.0
2024-11-08,76545.4765625,77252.75,75648.7421875,75902.8359375,55176858003.0
2024-11-09,76778.8671875,76932.765625,75773.7890625,76556.1875,29009480361.0
2024-11-10,80474.1875,81474.421875,76565.4296875,76775.546875,82570594495.0
2024-11-11,88701.484375,89604.5,80283.25,80471.4140625,117966845037.0
2024-11-12,87955.8125,89956.8828125,85155.109375,88705.5625,133673285375.0
2024-11-13,90584.1640625,93434.3515625,86256.9296875,87929.96875,123559027869.0
2024-11-14,87250.4296875,91765.21875,86682.8125,90574.8828125,87616705248.0
2024-11-15,91066.0078125,91868.7421875,87124.8984375,87284.1796875,78243109518.0
2024-11-16,90558.4765625,91763.9453125,90094.2265625,91064.3671875,44333192814.0
2024-11-17,89845.8515625,91433.0390625,88741.6640625,90558.4609375,46350159305.0
2024-11-18,90542.640625,92596.7890625,89393.59375,89843.71875,75535775084.0
2024-11-19,92343.7890625,94002.8671875,90426.984375,90536.8125,74521048295.0
2024-11-20,94339.4921875,94902.0234375,91619.5,92341.890625,71730956426.0
2024-11-21,98504.7265625,99014.21875,94132.6015625,94334.640625,106024505582.0
2024-11-22,98997.6640625,99655.5,97222.6640625,98496.4296875,78473580551.0
2024-11-23,97777.28125,99014.6796875,97232.890625,99006.7421875,44414644677.0
2024-11-24,98013.8203125,98647.1796875,95788.078125,97778.09375,51712020623.0
2024-11-25,93102.296875,98935.03125,92642.9140625,98033.4453125,80909462490.0
2024-11-26,91985.3203125,94991.75,90770.8125,93087.28125,91656519855.0
2024-11-27,95962.53125,97361.1796875,91778.6640625,91978.140625,71133452438.0
2024-11-28,95652.46875,96650.203125,94677.3515625,95954.9453125,52260008261.0
2024-11-29,97461.5234375,98693.171875,95407.8828125,95653.953125,54968682476.0
2024-11-30,96449.0546875,97499.34375,96144.21875,97468.8125,31634227866.0
2024-12-01,97279.7890625,97888.125,95770.1875,96461.3359375,36590695296.0
2024-12-02,95865.3046875,98152.6015625,94482.8671875,97276.0078125,72680784305.0
2024-12-03,96002.1640625,96297.203125,93629.5625,95854.59375,67067810961.0
2024-12-04,98768.53125,99207.328125,94660.5234375,95988.53125,77199817112.0
2024-12-05,96593.5703125,103900.46875,91998.78125,98741.5390625,149218945580.0
2024-12-06,99920.7109375,102039.8828125,96514.875,97074.2265625,94534772658.0
2024-12-07,99923.3359375,100563.3828125,99030.8828125,99916.7109375,44177510897.0
2024-12-08,101236.015625,101399.9921875,98771.515625,99921.9140625,44125751925.0
2024-12-09,97432.71875,101272.5078125,94355.9140625,101237.0625,110676473908.0
2024-12-10,96675.4296875,98270.15625,94321.2578125,97441.234375,104823780634.0
2024-12-11,101173.03125,101913.359375,95747.2265625,96656.0625,85391409936.0
2024-12-12,100043.0,102524.9140625,99339.953125,101167.8046875,72073983533.0
2024-12-13,101459.2578125,101888.8046875,99233.28125,100046.6484375,56894751583.0
2024-12-14,101372.96875,102618.8828125,100634.0546875,101451.4375,40422968793.0
2024-12-15,104298.6953125,105047.5390625,101227.03125,101373.53125,51145914137.0
2024-12-16,106029.71875,107780.578125,103322.984375,104293.578125,91020417816.0
2024-12-17,106140.6015625,108268.4453125,105291.734375,106030.6875,68589364868.0
2024-12-18,100041.5390625,106470.609375,100041.5390625,106147.296875,93865656139.0
2024-12-19,97490.953125,102748.1484375,95587.6796875,100070.6875,97221662392.0
2024-12-20,97755.9296875,98098.9140625,92175.1796875,97484.6953125,105634083408.0
2024-12-21,97224.7265625,99507.1015625,96426.5234375,97756.1953125,51765334294.0
2024-12-22,95104.9375,97360.265625,94202.1875,97218.3203125,43147981314.0
2024-12-23,94686.2421875,96416.2109375,92403.1328125,95099.390625,65239002919.0
2024-12-24,98676.09375,99404.0625,93448.015625,94684.34375,47114953674.0
2024-12-25,99299.1953125,99478.75,97593.46875,98675.9140625,33700394629.0
2024-12-26,95795.515625,99884.5703125,95137.8828125,99297.6953125,47054980873.0
2024-12-27,94164.859375,97294.84375,93310.7421875,95704.9765625,52419934565.0
2024-12-28,95163.9296875,95525.8984375,94014.2890625,94160.1875,24107436185.0
2024-12-29,93530.2265625,95174.875,92881.7890625,95174.0546875,29635885267.0
2024-12-30,92643.2109375,94903.3203125,91317.1328125,93527.1953125,56188003691.0
2024-12-31,93429.203125,96090.6015625,91914.03125,92643.25,43625106843.0
2025-01-01,94419.7578125,94929.8671875,92788.125,93425.1015625,24519888919.0
2025-01-02,96886.875,97739.8203125,94201.5703125,94416.2890625,46009564411.0
2025-01-03,98107.4296875,98956.9140625,96034.6171875,96881.7265625,35611391163.0
2025-01-04,98236.2265625,98734.4296875,97562.9765625,98106.9921875,22342608078.0
2025-01-05,98314.9609375,98813.3046875,97291.765625,98233.90625,20525254825.0
2025-01-06,102078.0859375,102482.875,97926.1484375,98314.953125,51823432705.0
2025-01-07,96922.703125,102712.484375,96132.875,102248.8515625,58685738547.0
2025-01-08,95043.5234375,97258.3203125,92525.84375,96924.1640625,63875859171.0
2025-01-09,92484.0390625,95349.71875,91220.84375,95043.484375,62777261693.0
2025-01-10,94701.453125,95770.609375,92250.09375,92494.4921875,62058693684.0
2025-01-11,94566.59375,94977.6875,93840.046875,94700.8359375,18860894100.0
2025-01-12,94488.4375,95367.5390625,93712.5078125,94565.7265625,20885130965.0
2025-01-13,94516.5234375,95837.0,89260.1015625,94488.890625,72978998252.0
2025-01-14,96534.046875,97352.6640625,94322.15625,94519.0078125,53769675818.0
2025-01-15,100504.4921875,100697.234375,96501.640625,96534.046875,57805923627.0
2025-01-16,99756.90625,100781.5859375,97364.4453125,100505.296875,54103781805.0
2025-01-17,104462.0390625,105884.2265625,99948.90625,100025.765625,71888972663.0
2025-01-18,104408.0703125,104913.203125,102226.6171875,104124.953125,50445655726.0
2025-01-19,101089.609375,106299.796875,99570.53125,104411.2890625,76789928525.0
2025-01-20,102016.6640625,109114.8828125,99471.359375,101083.75,126279678351.0
2025-01-21,106146.265625,107180.921875,100103.953125,102052.578125,88733878242.0
2025-01-22,103653.0703125,106294.34375,103360.265625,106136.3828125,53878181052.0
2025-01-23,103960.171875,106820.328125,101257.8046875,103657.671875,104104515428.0
2025-01-24,104819.484375,107098.546875,102772.125,103965.671875,52388229265.0
2025-01-25,104714.6484375,105243.7890625,104120.375,104824.03125,23888996502.0
2025-01-26,102682.5,105438.6484375,102507.7109375,104713.2109375,22543395879.0
2025-01-27,102087.6875,103214.109375,97795.9375,102680.3046875,89006608428.0
2025-01-28,101332.4765625,103730.8203125,100238.1875,102095.4140625,47180685494.0
2025-01-29,103703.2109375,104750.8046875,101283.8203125,101317.5234375,47432049818.0
2025-01-30,104735.3046875,106418.765625,103321.6484375,103709.3359375,41915744521.0
2025-01-31,102405.0234375,106026.3515625,101543.8828125,104737.5625,45732764360.0
2025-02-01,100655.90625,102755.7265625,100297.7109375,102402.796875,27757944848.0
2025-02-02,97688.9765625,101430.6640625,96216.078125,100661.5390625,63091816853.0
2025-02-03,101405.421875,102514.171875,91242.890625,97681.1015625,115400897748.0
2025-02-04,97871.8203125,101745.6171875,96208.109375,101398.71875,73002130211.0
2025-02-05,96615.4453125,99113.2109375,96174.828125,97878.0078125,49125911241.0
2025-02-06,96593.296875,99168.609375,95707.3515625,96610.640625,45302471947.0
2025-02-07,96529.0859375,100154.140625,95653.8828125,96581.3203125,55741290456.0
2025-02-08,96482.453125,96877.8046875,95702.4921875,96533.2578125,22447526395.0
2025-02-09,96500.09375,97325.28125,94745.2578125,96481.3125,27732901800.0
2025-02-10,97437.5546875,98333.21875,95320.84375,96499.4609375,40078962391.0
2025-02-11,95747.4296875,98492.8984375,94875.0390625,97438.1328125,37488783272.0
2025-02-12,97885.859375,98151.0234375,94101.203125,95745.6953125,49340445530.0
2025-02-13,96623.8671875,98111.0859375,95269.7109375,97888.75,37147280860.0
2025-02-14,97508.96875,98819.46875,96342.8046875,96623.3671875,32697987277.0
2025-02-15,97580.3515625,97975.0390625,97240.1953125,97508.3828125,17047266288.0
2025-02-16,96175.03125,97725.59375,96060.9765625,97580.4921875,16536755396.0
2025-02-17,95773.3828125,97032.234375,95243.546875,96179.0078125,27336550690.0
2025-02-18,95539.546875,96695.375,93388.8359375,95773.8125,37325720482.0
2025-02-19,96635.609375,96855.59375,95011.96875,95532.53125,28990872862.0
2025-02-20,98333.9375,98767.1953125,96442.671875,96632.6796875,31668022771.0
2025-02-21,96125.546875,99497.96875,94852.9609375,98340.671875,49608706470.0
2025-02-22,96577.7578125,96950.15625,95765.34375,96134.203125,18353824477.0
2025-02-23,96273.921875,96671.875,95270.453125,96577.8046875,16999478976.0
2025-02-24,91418.171875,96503.453125,91371.7421875,96277.9609375,44046480529.0
2025-02-25,88736.171875,92511.078125,86008.234375,91437.1171875,92139104128.0
2025-02-26,84347.0234375,89286.25,82131.8984375,88638.890625,64597492134.0
2025-02-27,84704.2265625,87000.78125,83144.9609375,84076.859375,52659591954.0
2025-02-28,84373.0078125,85036.3203125,78248.9140625,84705.625,83610570576.0
2025-03-01,86031.9140625,86522.3046875,83794.234375,84373.8671875,29190628396.0
2025-03-02,94248.3515625,95043.4375,85040.2109375,86036.2578125,58398341092.0
2025-03-03,86065.671875,94429.75,85081.3046875,94248.421875,70072228536.0
2025-03-04,87222.1953125,88911.2734375,81529.2421875,86064.0703125,68095241474.0
2025-03-05,90623.5625,90998.2421875,86379.7734375,87222.953125,50498988027.0
2025-03-06,89961.7265625,92804.9375,87852.140625,90622.359375,47749810486.0
2025-03-07,86742.671875,91191.046875,84717.6796875,89963.28125,65945677657.0
2025-03-08,86154.59375,86847.265625,85247.484375,86742.65625,18206118081.0
2025-03-09,80601.0390625,86471.1328125,80052.484375,86154.3046875,30899345977.0
2025-03-10,78532.0,83955.9296875,77420.59375,80597.1484375,54061099422.0
2025-03-11,82862.2109375,83577.7578125,76624.25,78523.875,54702837196.0
2025-03-12,83722.359375,84358.578125,80635.25,82857.375,40353484454.0
2025-03-13,81066.703125,84301.6953125,79931.8515625,83724.921875,31412940153.0
2025-03-14,83969.1015625,85263.2890625,80797.5625,81066.9921875,29588112414.0
2025-03-15,84343.109375,84672.671875,83639.59375,83968.40625,13650491277.0
2025-03-16,82579.6875,85051.6015625,82017.90625,84333.3203125,21330270174.0
2025-03-17,84075.6875,84725.328125,82492.15625,82576.3359375,25092785558.0
2025-03-18,82718.5,84075.71875,81179.9921875,84075.71875,24095774594.0
2025-03-19,86854.2265625,87021.1875,82569.7265625,82718.8046875,34931960257.0
2025-03-20,84167.1953125,87443.265625,83647.1953125,86872.953125,29028988961.0
2025-03-21,84043.2421875,84782.2734375,83171.0703125,84164.5390625,19030452299.0
2025-03-22,83832.484375,84513.875,83674.78125,84046.2578125,9863214091.0
2025-03-23,86054.375,86094.78125,83794.9140625,83831.8984375,12594615537.0
2025-03-24,87498.9140625,88758.7265625,85541.1953125,86070.9296875,34582604933.0
2025-03-25,87471.703125,88542.3984375,86346.078125,87512.8203125,30005840049.0
2025-03-26,86900.8828125,88292.15625,85861.453125,87460.234375,26704046038.0
2025-03-27,87177.1015625,87786.7265625,85837.9375,86896.2578125,24413471941.0
2025-03-28,84353.1484375,87489.859375,83557.640625,87185.234375,34198619509.0
2025-03-29,82597.5859375,84567.3359375,81634.140625,84352.0703125,16969396135.0
2025-03-30,82334.5234375,83505.0,81573.25,82596.984375,14763760943.0
2025-03-31,82548.9140625,83870.125,81293.890625,82336.0625,29004228247.0
2025-04-01,85169.171875,85487.3671875,82429.359375,82551.921875,28175650319.0
2025-04-02,82485.7109375,88466.953125,82343.5390625,85180.609375,47584398470.0
2025-04-03,83102.828125,83909.296875,81282.1015625,82487.4765625,36852112080.0
2025-04-04,83843.8046875,84696.1484375,81670.75,83100.25,45157640207.0
2025-04-05,83504.796875,84207.015625,82377.734375,83844.703125,14380803631.0
2025-04-06,78214.484375,83704.71875,77097.7421875,83504.5078125,36294853736.0
2025-04-07,79235.3359375,81119.0625,74436.6796875,78221.3359375,91262424987.0
2025-04-08,76271.953125,80823.890625,76198.0234375,79218.4765625,48314590749.0
2025-04-09,82573.953125,83541.0,74589.671875,76273.5625,84213627038.0
2025-04-10,79626.140625,82700.9296875,78456.1328125,82565.9765625,44718000633.0
2025-04-11,83404.8359375,84247.4765625,78936.3203125,79625.046875,41656778779.0
2025-04-12,85287.109375,85856.1875,82769.375,83404.515625,24258059104.0
2025-04-13,83684.9765625,86015.1875,83027.0078125,85279.46875,28796984817.0
2025-04-14,84542.390625,85785.0,83690.640625,83694.5234375,34090769777.0
2025-04-15,83668.9921875,86429.3515625,83598.8203125,84539.6953125,28040322885.0
2025-04-16,84033.8671875,85428.28125,83100.6171875,83674.5078125,29617804112.0
2025-04-17,84895.75,85449.0703125,83749.75,84030.671875,21276866029.0
2025-04-18,84450.8046875,85095.046875,84298.8828125,84900.1875,12728372364.0
2025-04-19,85063.4140625,85597.703125,84353.4609375,84450.8671875,15259300427.0
2025-04-20,85174.3046875,85306.3828125,83976.84375,85066.0703125,14664050812.0
2025-04-21,87518.90625,88460.09375,85143.8359375,85171.5390625,41396190190.0
2025-04-22,93441.890625,93817.3828125,87084.53125,87521.875,55899038456.0
2025-04-23,93699.109375,94535.734375,91962.9609375,93427.5859375,41719568821.0
2025-04-24,93943.796875,94016.1953125,91696.7109375,93692.3984375,31483175315.0
2025-04-25,94720.5,95768.390625,92898.59375,93954.25,40915232364.0
2025-04-26,94646.9296875,95251.359375,93927.25,94714.6484375,17612825123.0
2025-04-27,93754.84375,95301.203125,93665.3984375,94660.90625,18090367764.0
2025-04-28,94978.75,95598.4921875,92860.8046875,93755.3046875,32363449569.0
2025-04-29,94284.7890625,95485.4140625,93796.6328125,94981.859375,25806129921.0
2025-04-30,94207.3125,95249.3203125,92979.640625,94286.46875,28344679831.0
2025-05-01,96492.3359375,97437.9609375,94153.6328125,94212.859375,32875889623.0
2025-05-02,96910.0703125,97905.8984375,96375.9453125,96494.96875,26421924677.0
2025-05-03,95891.796875,96943.8828125,95821.2890625,96904.6328125,15775154889.0
2025-05-04,94315.9765625,96318.921875,94173.4296875,95877.1875,18198688416.0
2025-05-05,94748.0546875,95193.1875,93566.265625,94319.5625,25816260327.0
2025-05-06,96802.4765625,96889.1796875,93399.859375,94748.3828125,26551275827.0
2025-05-07,97032.3203125,97625.8046875,95829.3359375,96800.1953125,76983822462.0
2025-05-08,103241.4609375,103969.5390625,96913.875,97034.25,69895404397.0
2025-05-09,102970.8515625,104297.4921875,102343.09375,103239.125,58198593958.0
2025-05-10,104696.328125,104961.765625,102830.484375,102973.7109375,42276713994.0
2025-05-11,104106.359375,104937.9921875,103364.7421875,104701.0703125,46285517406.0
2025-05-12,102812.953125,105747.453125,100814.40625,104106.9609375,63250475404.0
2025-05-13,104169.8125,104997.421875,101515.09375,102812.4921875,52608876410.0
2025-05-14,103539.4140625,104303.5625,102618.296875,104167.328125,45956071155.0
2025-05-15,103744.640625,104153.6171875,101440.8125,103538.828125,50408241840.0
2025-05-16,103489.2890625,104533.484375,103137.4765625,103735.65625,44386499364.0
2025-05-17,103191.0859375,103716.9453125,102659.1796875,103489.2890625,37898552742.0
2025-05-18,106446.0078125,106597.171875,103142.6015625,103186.953125,49887082058.0
2025-05-19,105606.1796875,107068.71875,102112.6875,106430.53125,61761126647.0
2025-05-20,106791.0859375,107307.1171875,104206.515625,105605.40625,36515726122.0
2025-05-21,109678.078125,110724.4609375,106127.234375,106791.3125,78086364051.0
2025-05-22,111673.28125,111970.171875,109285.0703125,109673.4921875,70157575642.0
2025-05-23,107287.796875,111798.90625,106841.3046875,111679.359375,67548133399.0
2025-05-24,107791.15625,109454.5234375,106895.2890625,107278.5078125,45903627163.0
2025-05-25,109035.390625,109313.3046875,106683.375,107802.2734375,47518041841.0
2025-05-26,109440.3671875,110376.8828125,108735.640625,109023.78125,45950461571.0
2025-05-27,108994.640625,110744.2109375,107609.5546875,109440.40625,57450176272.0
2025-05-28,107802.328125,109298.2890625,106812.9296875,108992.171875,49155377493.0
2025-05-29,105641.7578125,108910.046875,105374.3984375,107795.5703125,56022752042.0
2025-05-30,103998.5703125,106308.9453125,103685.7890625,105646.2109375,57655287183.0
2025-05-31,104638.09375,104927.1015625,103136.1171875,103994.71875,38997843858.0
2025-06-01,105652.1015625,105884.546875,103826.953125,104637.296875,37397056873.0
2025-06-02,105881.53125,105958.3125,103727.546875,105649.8125,45819706290.0
2025-06-03,105432.46875,106813.578125,104920.84375,105888.4765625,46196508367.0
2025-06-04,104731.984375,105997.6953125,104232.703125,105434.3671875,44544857105.0
2025-06-05,101575.953125,105936.6875,100436.8828125,104750.78125,57479298400.0
2025-06-06,104390.34375,105376.7734375,101169.5703125,101574.3671875,48856653697.0
2025-06-07,105615.625,105972.7578125,103987.3125,104390.6484375,38365033776.0
2025-06-08,105793.6484375,106497.0625,105075.328125,105617.5078125,36626232328.0
2025-06-09,110294.1015625,110561.421875,105400.234375,105793.0234375,55903193732.0
2025-06-10,110257.234375,110380.125,108367.7109375,110295.6875,54700101509.0
2025-06-11,108686.625,110384.21875,108086.328125,110261.796875,50842662052.0
2025-06-12,105929.0546875,108780.6953125,105785.6875,108685.9140625,54843867968.0
2025-06-13,106090.96875,106182.546875,102822.0234375,105924.59375,69550440846.0
2025-06-14,105472.40625,106203.7578125,104379.3671875,106108.0859375,38007870453.0
2025-06-15,105552.0234375,106157.1015625,104519.8828125,105464.84375,36744307742.0
2025-06-16,106796.7578125,108915.375,104997.625,105555.59375,50366626945.0
2025-06-17,104601.1171875,107750.1953125,103396.53125,106794.1171875,55964092176.0
2025-06-18,104883.328125,105581.8515625,103602.265625,104602.0703125,47318089133.0
2025-06-19,104684.2890625,105250.890625,103940.7734375,104886.7734375,37333806920.0
2025-06-20,103309.6015625,106539.3828125,102372.2109375,104681.03125,50951862476.0
2025-06-21,102257.40625,104015.78125,100973.0625,103315.078125,38360555118.0
2025-06-22,100987.140625,103351.6328125,98286.203125,102212.03125,65536997201.0
2025-06-23,105577.7734375,106116.859375,99705.75,100987.4765625,65237759656.0
2025-06-24,106045.6328125,106316.828125,104740.2421875,105571.515625,48822986421.0
2025-06-25,107361.2578125,108168.3984375,105881.390625,106047.40625,51624120283.0
2025-06-26,106960.0,108305.546875,106666.3515625,107375.0703125,43891990613.0
2025-06-27,107088.4296875,107772.46875,106449.9921875,106954.921875,45353692675.0
2025-06-28,107327.703125,107567.8828125,106883.9765625,107090.546875,30037708335.0
2025-06-29,108385.5703125,108526.3046875,107230.109375,107327.8203125,35534874438.0
2025-06-30,107135.3359375,108798.7890625,106759.6484375,108383.4375,42064804590.0
2025-07-01,105698.28125,107550.6796875,105270.2265625,107144.3828125,44110692247.0
2025-07-02,108859.3203125,109763.65625,105157.3984375,105703.1015625,56248657737.0
2025-07-03,109647.9765625,110541.4609375,108605.796875,108845.015625,50494742270.0
2025-07-04,108034.3359375,109751.984375,107296.3828125,109635.65625,42616442656.0
2025-07-05,108231.1796875,108381.34375,107842.2734375,108015.8359375,30615537520.0
2025-07-06,109232.0703125,109731.625,107847.015625,108231.1875,36746020463.0
2025-07-07,108299.8515625,109710.25,107527.0546875,109235.328125,45415696597.0
2025-07-08,108950.2734375,109198.96875,107499.5546875,108298.2265625,44282204127.0
2025-07-09,111326.5546875,111925.375,108357.6796875,108950.2734375,57927418065.0
2025-07-10,115987.203125,116608.78125,110660.75,111329.1953125,95911605728.0
2025-07-11,117516.9921875,118856.4765625,115245.6875,115986.234375,86928361085.0
2025-07-12,117435.2265625,118219.8984375,116977.0234375,117530.7109375,45524560304.0
2025-07-13,119116.1171875,119449.5703125,117265.4375,117432.203125,49021091807.0
2025-07-14,119849.703125,123091.609375,118959.1953125,119115.7890625,181746419401.0
2025-07-15,117777.1875,119935.5625,115765.6875,119853.8515625,98321661181.0
2025-07-16,118738.5078125,120065.515625,117064.8203125,117777.1875,72162029070.0
2025-07-17,119289.84375,120999.609375,117508.21875,118738.5078125,72363841798.0
2025-07-18,118003.2265625,120851.9140625,116925.984375,119284.109375,77945799785.0
2025-07-19,117939.9765625,118541.3984375,117388.4140625,117998.125,47564562765.0
2025-07-20,117300.7890625,118865.03125,116550.1328125,117944.109375,57515447231.0
2025-07-21,117439.5390625,119671.5625,116584.3984375,117306.46875,69820091744.0
2025-07-22,119995.4140625,120269.96875,116233.2265625,117426.5,79217583118.0
2025-07-23,118754.9609375,120113.3515625,117391.390625,119997.4453125,66608604537.0
2025-07-24,118368.0,119535.453125,117247.96875,118770.984375,72627318560.0
2025-07-25,117635.8828125,118486.9765625,114759.8203125,118368.0,104857024569.0
2025-07-26,117947.3671875,118335.6875,117181.2265625,117644.84375,48508954046.0
2025-07-27,119448.4921875,119815.59375,117859.6875,117944.7265625,54683390892.0
2025-07-28,117924.4765625,119819.7890625,117441.4375,119457.5234375,64822943193.0
2025-07-29,117922.1484375,119273.8671875,116987.3671875,117938.5859375,68463107433.0
2025-07-30,117831.1875,118780.7265625,115800.828125,117921.9921875,68896148592.0
2025-07-31,115758.203125,118919.984375,115505.21875,117833.6328125,69370346018.0
2025-08-01,113320.0859375,116060.7734375,112724.4453125,115738.953125,91294530181.0
2025-08-02,112526.9140625,114021.6015625,112005.765625,113320.390625,56870866000.0
2025-08-03,114217.671875,114747.421875,111943.8046875,112525.8046875,48099615826.0
2025-08-04,115071.8828125,115729.46875,114130.40625,114223.921875,35783028986.0
2025-08-05,114141.4453125,115117.4375,112701.109375,115072.1875,61039182286.0
2025-08-06,115028.0,115737.8359375,113372.25,114140.9140625,56379133510.0
2025-08-07,117496.8984375,117676.90625,114279.7109375,115030.0546875,64051649681.0
2025-08-08,116688.7265625,117689.203125,115917.4609375,117505.5,59713005166.0
2025-08-09,116500.359375,117906.609375,116363.8359375,116678.2734375,54004312429.0
2025-08-10,119306.7578125,119320.7109375,116485.1640625,116497.71875,64755458694.0
2025-08-11,118731.4453125,122321.09375,118159.03125,119306.8125,90528784177.0
2025-08-12,120172.90625,120302.46875,118228.71875,118717.6640625,72803657984.0
2025-08-13,123344.0625,123682.453125,118939.6328125,120168.9765625,90904808795.0
2025-08-14,118359.578125,124457.1171875,117254.8828125,123339.3984375,104055627395.0
2025-08-15,117398.3515625,119332.3125,116864.5703125,118365.78125,68665353159.0
2025-08-16,117491.3515625,117996.0625,117271.953125,117398.421875,48036922378.0
2025-08-17,117453.0625,118595.7734375,117279.5234375,117492.7890625,45852169525.0
2025-08-18,116252.3125,117614.171875,114723.6796875,117453.90625,72787808090.0
2025-08-19,112831.1796875,116764.5,112730.3984375,116241.859375,71657600353.0
2025-08-20,114274.7421875,114625.796875,112387.9609375,112828.0234375,67993811526.0
2025-08-21,112419.03125,114802.6484375,111986.234375,114275.6875,57817883700.0
2025-08-22,116874.0859375,117377.3984375,111678.9453125,112433.734375,82528088240.0
2025-08-23,115374.328125,116996.25,114536.109375,116866.3671875,55377142586.0
2025-08-24,113458.4296875,115615.0859375,111060.546875,115387.390625,73961489632.0
2025-08-25,110124.3515625,113637.84375,109324.28125,113456.8984375,85706860190.0
2025-08-26,111802.65625,112397.015625,108762.0390625,110124.1015625,69396320317.0
2025-08-27,111222.0625,112619.4140625,110398.265625,111795.7109375,62137056409.0
2025-08-28,112544.8046875,113450.078125,110900.921875,111219.0546875,58860155962.0
2025-08-29,108410.8359375,112619.0546875,107559.625,112550.5234375,77843379644.0
2025-08-30,108808.0703125,108929.3515625,107444.4453125,108409.40625,51486264208.0
2025-08-31,108236.7109375,109491.0,108104.65625,108818.4609375,47986191770.0
2025-09-01,109250.59375,109890.5859375,107271.1796875,108228.75,66870372995.0
2025-09-02,111200.5859375,111748.015625,108454.03125,109243.0703125,74776999491.0
2025-09-03,111723.2109375,112600.2265625,110582.9609375,111190.6953125,61119643565.0
2025-09-04,110723.6015625,112208.328125,109347.2265625,111718.1484375,60131132901.0
2025-09-05,110650.984375,113357.4921875,110233.3984375,110723.015625,60241647677.0
2025-09-06,110224.6953125,111275.015625,110024.0859375,110650.5703125,21500719036.0
2025-09-07,111167.6171875,111591.078125,110211.625,110221.328125,24618007520.0
2025-09-08,112071.4296875,112869.234375,110630.609375,111163.015625,40212813407.0
2025-09-09,111530.546875,113225.4375,110776.703125,112077.578125,45984480722.0
2025-09-10,113955.359375,114275.25,110940.078125,111531.25,56377473784.0
2025-09-11,115507.5390625,115522.546875,113453.8359375,113961.4296875,45685065332.0
2025-09-12,116101.578125,116769.3828125,114794.484375,115507.7890625,54785725894.0
2025-09-13,115950.5078125,116334.6328125,115248.2734375,116093.5625,34549454947.0
2025-09-14,115407.65625,116181.5,115222.3984375,115950.2890625,32798036057.0
2025-09-15,115444.875,116747.8828125,114461.0625,115399.6328125,52937859416.0
2025-09-16,116843.1875,117005.2734375,114813.09375,115423.7578125,45781744593.0
2025-09-17,116468.5078125,117328.609375,114794.9765625,116840.5078125,60528025996.0
2025-09-18,117137.203125,117911.7890625,116188.796875,116461.265625,49457272032.0
2025-09-19,115688.859375,117479.7578125,115141.8203125,117137.671875,38828473971.0
2025-09-20,115721.9609375,116191.1484375,115473.5234375,115691.125,22864449614.0
2025-09-21,115306.09375,115901.0859375,115252.578125,115730.2265625,22495852193.0
2025-09-22,112748.5078125,115431.3125,112037.6484375,115309.21875,70684158591.0
2025-09-23,112014.5,113351.9140625,111535.5703125,112757.4765625,47211853279.0
2025-09-24,113328.6328125,113986.2734375,111229.640625,112007.6640625,48044595085.0
2025-09-25,109049.2890625,113541.0859375,108713.3984375,113330.1640625,75528654284.0
2025-09-26,109712.828125,110359.1953125,108728.9765625,109041.296875,57738288949.0
2025-09-27,109681.9453125,109778.5,109144.296875,109707.140625,26308042910.0
2025-09-28,112122.640625,112375.484375,109236.9453125,109681.9453125,33371048505.0
2025-09-29,114400.3828125,114473.5703125,111589.953125,112117.875,60000147466.0
2025-09-30,114056.0859375,114836.6171875,112740.5625,114396.5234375,58986330258.0
2025-10-01,118648.9296875,118648.9296875,113981.3984375,114057.59375,71328680132.0
2025-10-02,120681.2578125,121086.40625,118383.15625,118652.3828125,71415163912.0
2025-10-03,122266.53125,123944.703125,119344.3125,120656.984375,83941392228.0
2025-10-04,122425.4296875,122857.640625,121577.5703125,122267.46875,36769171735.0
2025-10-05,123513.4765625,125559.2109375,122191.9609375,122419.671875,73689317763.0
2025-10-06,124752.53125,126198.0703125,123196.046875,123510.453125,72568881188.0
2025-10-07,121451.3828125,125184.0234375,120681.96875,124752.140625,76149412513.0
2025-10-08,123354.8671875,124167.09375,121119.1796875,121448.3515625,65354305286.0
2025-10-09,121705.5859375,123739.34375,119812.03125,123337.0703125,74653009425.0
2025-10-10,113214.3671875,122509.6640625,104582.4140625,121704.7421875,153125018868.0
2025-10-11,110807.8828125,113429.7265625,109760.5625,113236.4296875,110236934340.0
2025-10-12,115169.765625,115805.0625,109715.5390625,110811.515625,93710414091.0
2025-10-13,115271.078125,116020.484375,113821.1875,115161.6796875,71582026739.0
2025-10-14,113118.6640625,115502.8828125,110029.484375,115264.8828125,92212917403.0
2025-10-15,110783.1640625,113622.3828125,110235.8359375,113113.96875,72574132855.0
2025-10-16,108186.0390625,111990.8125,107537.03125,110782.171875,87306423067.0
2025-10-17,106467.7890625,109235.8046875,103598.4296875,108179.1328125,99703051669.0
2025-10-18,107198.265625,107490.984375,106387.453125,106483.734375,37779905278.0
2025-10-19,108666.7109375,109488.9921875,106157.7890625,107204.3125,47657008953.0
2025-10-20,110588.9296875,111711.03125,107485.015625,108667.4453125,63507793085.0
2025-10-21,108476.890625,113996.34375,107534.75,110587.6328125,101194375480.0
2025-10-22,107688.5859375,109115.1328125,106778.0,108491.53125,80807013218.0
2025-10-23,110069.7265625,111288.59375,107548.4296875,107679.4375,54944076060.0
2025-10-24,111033.921875,111842.53125,109770.1484375,110069.3515625,48160816980.0
2025-10-25,111641.7265625,111947.703125,110704.40625,111032.6171875,24707667305.0
2025-10-26,114472.4453125,115260.90625,111268.484375,111639.0546875,41708524143.0
2025-10-27,114119.328125,116273.3125,113882.2890625,114479.8515625,61761358733.0
2025-10-28,112956.1640625,116078.984375,112291.6796875,114129.0859375,64528066504.0
2025-10-29,110055.3046875,113642.7265625,109368.71875,112921.328125,62192043469.0
2025-10-30,108305.546875,111612.3515625,106376.6875,110059.1953125,69673964814.0
2025-10-31,109556.1640625,111031.8203125,108288.2734375,108304.4140625,60090359560.0
2025-11-01,110064.015625,110574.8984375,109372.953125,109558.625,25871668762.0
2025-11-02,110639.625,111167.3125,109523.453125,110064.4296875,34284209459.0
2025-11-03,106547.5234375,110764.9140625,105336.359375,110646.90625,72852006359.0
2025-11-04,101590.5234375,107264.8828125,98962.0625,106541.421875,110967184773.0
2025-11-05,103891.8359375,104534.703125,98989.9140625,101579.234375,77584934804.0
2025-11-06,101301.2890625,104147.3046875,100336.8671875,103893.6640625,63932752861.0
2025-11-07,103372.40625,104052.9140625,99257.0546875,101286.2421875,92168030081.0
2025-11-08,102282.1171875,103373.5625,101458.0390625,103371.703125,51446691095.0
2025-11-09,104719.640625,105418.3671875,101468.875,102278.984375,59679243013.0
2025-11-10,105996.59375,106564.6953125,104350.6484375,104723.7734375,69585887229.0
2025-11-11,102997.46875,107428.2578125,102457.328125,105996.859375,71130078574.0
2025-11-12,101663.1875,105297.234375,100836.6171875,103011.4375,64347179408.0
2025-11-13,99697.4921875,104005.4921875,97988.71875,101674.1484375,101546815416.0
2025-11-14,94397.7890625,99804.4296875,94000.734375,99694.703125,114346441890.0
2025-11-15,95549.1484375,96728.46875,94420.46875,94420.46875,38500716654.0
2025-11-16,94177.078125,96564.1875,92971.1640625,95556.8671875,71086235862.0
2025-11-17,92093.875,95928.3671875,91214.7578125,94180.875,94186165724.0
2025-11-18,92948.875,93745.078125,89300.4609375,92094.53125,101333569062.0
2025-11-19,91465.9921875,92946.1640625,88526.828125,92946.1640625,80350354656.0
2025-11-20,86631.8984375,93025.0703125,86040.796875,91459.3515625,97970645638.0
2025-11-21,85090.6875,87380.8046875,80659.8125,86528.7734375,129157506112.0
2025-11-22,84648.359375,85503.0078125,83490.8984375,85098.5625,40793099246.0
2025-11-23,86805.0078125,88038.46875,84641.7734375,84648.609375,58083435576.0
2025-11-24,88270.5625,89206.3359375,85272.1953125,86798.7734375,74433896110.0
2025-11-25,87341.890625,88457.3359375,86131.4296875,88269.9609375,64837343545.0
2025-11-26,90518.3671875,90581.15625,86316.8984375,87345.5859375,66496301869.0
2025-11-27,91285.375,91897.578125,90089.515625,90517.765625,57040622845.0
2025-11-28,90919.265625,92969.0859375,90257.1171875,91285.3828125,60895830289.0
2025-11-29,90851.7578125,91187.6171875,90260.1875,90918.7421875,37921773455.0
2025-11-30,90394.3125,91965.046875,90394.3125,90838.2109375,38497902869.0
2025-12-01,86321.5703125,90398.15625,83862.25,90389.109375,87962894424.0
2025-12-02,91350.203125,92316.6328125,86202.1953125,86322.5390625,78546798211.0
2025-12-03,93527.8046875,94060.7734375,91056.390625,91345.09375,77650204986.0
2025-12-04,92141.625,94038.2421875,90976.1015625,93454.2578125,64538402681.0
2025-12-05,89387.7578125,92702.640625,88152.140625,92133.6484375,63256398633.0
2025-12-06,89272.375,90267.4609375,88951.6640625,89389.359375,37994042405.0
2025-12-07,90405.640625,91740.84375,87799.5625,89277.8125,47394898960.0
2025-12-08,90640.203125,92267.1171875,89644.890625,90424.5859375,57394099056.0
2025-12-09,92691.7109375,94601.5703125,89586.9765625,90639.703125,66861721440.0
2025-12-10,92020.9453125,94477.15625,91640.1328125,92695.234375,65420694513.0
2025-12-11,92511.3359375,93554.265625,89335.296875,92011.3046875,64532834621.0
2025-12-12,90270.4140625,92747.9296875,89532.6015625,92513.6640625,80275884583.0
2025-12-13,90298.7109375,90647.5703125,89800.9921875,90257.796875,64237748110.0
2025-12-14,88175.1796875,90498.109375,87634.9375,90296.4375,50465972205.0
2025-12-15,86419.78125,89983.921875,85304.078125,88171.078125,45559514323.0
2025-12-16,87843.984375,88170.09375,85381.6875,86424.40625,41262178223.0
2025-12-17,86143.7578125,90264.5703125,85316.265625,87847.6171875,44243392914.0
2025-12-18,85462.5078125,89412.6640625,84436.3125,86144.3671875,52667115348.0
2025-12-19,88103.3828125,89339.1171875,85107.6640625,85476.1328125,46733310561.0
2025-12-20,88344.0,88497.203125,87924.875,88101.671875,14688196659.0
2025-12-21,88621.75,89027.953125,87613.203125,88344.703125,19845522660.0
2025-12-22,88490.015625,90501.9296875,87908.0703125,88621.3984375,38047472118.0
2025-12-23,87414.0,88898.3828125,86606.9765625,88490.03125,43683011533.0
2025-12-24,87611.9609375,87956.8828125,86411.796875,87404.3203125,25550297986.0
2025-12-25,87234.7421875,88501.7890625,86949.2578125,87608.3203125,19953216347.0
2025-12-26,87301.4296875,89459.4296875,86628.140625,87235.5078125,42455674908.0
2025-12-27,87802.15625,87874.78125,87182.9765625,87301.4296875,13741199310.0
2025-12-28,87835.8359375,87986.890625,87394.953125,87799.34375,15156557929.0
2025-12-29,87138.140625,90299.15625,86717.9140625,87835.7890625,48411625849.0
2025-12-30,88430.1328125,89297.9375,86735.546875,87134.3515625,35586356225.0
2025-12-31,87508.828125,89080.2890625,87130.5625,88429.5859375,33830210616.0
2026-01-01,88731.984375,88803.2265625,87399.40625,87508.046875,18849043990.0
2026-01-02,89944.6953125,90884.4609375,88298.6171875,88733.0625,46398906171.0
2026-01-03,90603.1875,90679.5703125,89328.0703125,89945.0546875,20774828592.0
2026-01-04,91413.4921875,91712.5859375,90595.1015625,90603.0,26770491368.0
2026-01-05,93882.5546875,94762.0703125,91414.625,91414.625,53376407252.0
2026-01-06,93729.03125,94395.296875,91286.546875,93876.9453125,52430605257.0
2026-01-07,91308.0546875,93738.7890625,90601.8046875,93727.46875,43461295053.0
2026-01-08,91027.125,91485.8515625,89233.875,91309.640625,42386697030.0
2026-01-09,90513.1015625,91910.671875,89625.3828125,91026.2734375,38305906684.0
2026-01-10,90386.6484375,90713.03125,90283.3984375,90510.1015625,12385895282.0
2026-01-11,90827.4609375,91155.2265625,90212.0234375,90385.359375,17165568977.0
2026-01-12,91192.9921875,92395.5234375,90055.0234375,90825.859375,41346275358.0
2026-01-13,95321.78125,96011.625,90941.9296875,91185.3359375,54980674354.0
2026-01-14,96929.328125,97860.6015625,94583.046875,95322.90625,60592490863.0
2026-01-15,95551.1875,97150.171875,95103.2421875,96931.2890625,53086363027.0
2026-01-16,95525.1171875,95801.890625,94259.2734375,95554.1015625,33248170537.0
2026-01-17,95099.921875,95598.4765625,95005.6171875,95525.15625,16021715122.0
2026-01-18,93634.4296875,95491.5078125,93588.8671875,95101.1796875,20809781232.0
2026-01-19,92553.59375,93660.828125,92089.25,93655.671875,39195241508.0
2026-01-20,88310.90625,92798.4296875,87814.9296875,92553.6015625,53072968031.0
2026-01-21,89376.9609375,90430.40625,87231.5703125,88326.5078125,56330422434.0
2026-01-22,89462.453125,90258.9609375,88438.4453125,89378.5234375,35549685694.0
2026-01-23,89503.875,91100.25,88486.359375,89462.046875,38997586037.0
2026-01-24,89110.734375,89811.609375,89044.2890625,89506.1484375,14558687712.0
2026-01-25,86572.21875,89193.1484375,86003.7109375,89104.765625,36124986722.0
2026-01-26,88267.140625,88743.0703125,86429.2890625,86566.5234375,45329286974.0
2026-01-27,89102.5703125,89427.125,87228.921875,88257.4765625,38744942267.0
2026-01-28,89184.5703125,90439.2890625,88721.4609375,89104.046875,39807419296.0
2026-01-29,84561.5859375,89200.78125,83250.6015625,89169.8515625,64653083162.0
2026-01-30,84128.65625,84602.1640625,81071.4765625,84562.7265625,72083816087.0
2026-01-31,78621.1171875,84136.921875,75815.8828125,84126.5,70479259159.0
2026-02-01,76974.4453125,79322.609375,75698.8984375,78626.125,53372509744.0
2026-02-02,78688.765625,79258.609375,74551.3359375,76968.875,75140589684.0
2026-02-03,75633.546875,79118.8515625,72897.140625,78693.5078125,68249110822.0
2026-02-04,73019.703125,76864.65625,71779.9296875,75640.09375,67215363944.0
2026-02-05,62702.09765625,73161.5546875,62353.53515625,73016.375,125509410908.0
2026-02-06,70555.390625,71681.3046875,60074.203125,62704.453125,114674259489.0
2026-02-07,69281.96875,71611.1484375,67364.4453125,70553.796875,62347107663.0
2026-02-08,70264.7265625,72206.90625,68852.8984375,69283.7265625,39721722619.0
2026-02-09,70120.78125,71369.96875,68291.03125,70243.328125,52081598792.0
2026-02-10,68793.9609375,70464.265625,67913.09375,70137.390625,40593063077.0
2026-02-11,66991.96875,69242.6796875,65757.3046875,68791.859375,49671946030.0
2026-02-12,66221.84375,68339.4921875,65092.109375,66992.1953125,44651071271.0
2026-02-13,68857.84375,69382.8359375,65835.78125,66213.375,40820775886.0
2026-02-14,69767.625,70481.1640625,68706.6171875,68856.984375,36012397645.0
2026-02-15,68788.1875,70939.2890625,68052.546875,69764.953125,40191152750.0
2026-02-16,68843.15625,70067.234375,67301.5859375,68782.3984375,33618145426.0
2026-02-17,67494.21875,69201.8671875,66615.28125,68843.09375,34866936040.0
2026-02-18,66425.3203125,68434.4296875,65845.8984375,67488.0234375,33094301643.0
2026-02-19,66957.5234375,67277.125,65637.4296875,66425.625,31492987019.0
2026-02-20,68005.421875,68269.03125,66452.484375,66958.578125,47507867304.0
2026-02-21,68003.765625,68657.703125,67533.0703125,68000.25,18357635642.0
2026-02-22,67659.390625,68235.2265625,67185.6015625,67998.828125,17893536012.0
2026-02-23,64616.73828125,67668.4296875,63924.4375,67668.4296875,50953457309.0
2026-02-24,64080.04296875,64992.15625,62553.1875,64616.015625,40849331086.0
2026-02-25,67960.125,69953.53125,63942.484375,64077.76953125,53629234355.0
2026-02-26,67453.7734375,68843.3515625,66523.734375,67954.8671875,42988597523.0
2026-02-27,65881.796875,68220.40625,64946.03515625,67456.515625,40283655942.0
2026-02-28,66995.859375,67714.5234375,63062.21875,65878.9296875,42041497112.0
2026-03-01,65738.1015625,68162.8203125,65076.73046875,67005.8828125,40733141929.0
2026-03-02,68775.8515625,70044.0,65303.13671875,65734.078125,56698092052.0
2026-03-03,68293.6484375,69232.890625,66237.6171875,68785.078125,47947999049.0
2026-03-04,72710.578125,74051.8046875,67437.40625,68290.5625,75073101274.0
2026-03-05,70841.125,73555.7890625,70654.8828125,72712.65625,51172841727.0
2026-03-06,68136.4921875,71378.5703125,67757.8203125,70842.15625,43776962871.0
2026-03-07,67272.59375,68515.1640625,66969.2578125,68136.6875,23258701211.0
2026-03-08,65969.78125,68177.7890625,65639.1953125,67272.5,33195080116.0
2026-03-09,68402.3828125,69474.9453125,65858.0078125,65969.5859375,49499875378.0
2026-03-10,69926.921875,71770.8984375,68402.71875,68402.71875,54003996096.0
2026-03-11,70204.8828125,71337.6640625,68998.8671875,69931.25,45236859848.0
2026-03-12,70493.4609375,70775.828125,69230.15625,70209.765625,40871848129.0
2026-03-13,70968.265625,73927.328125,70410.7265625,70497.046875,61167226505.0
2026-03-14,71214.625,71291.203125,70339.5859375,70965.3828125,22283546496.0
2026-03-15,72789.9140625,73173.0078125,70882.421875,71213.6796875,27991268669.0
2026-03-16,74861.0859375,74901.859375,72300.6328125,72798.171875,55572438409.0
2026-03-17,73922.4765625,75988.3984375,73444.2265625,74855.296875,49500721728.0
2026-03-18,71245.578125,74658.9765625,70503.859375,73936.8515625,46229011155.0
2026-03-19,69912.7890625,71598.84375,68805.5234375,71250.3515625,44631433398.0
2026-03-20,70522.5859375,71346.796875,69398.8828125,69911.53125,38299078407.0
2026-03-21,68711.5234375,71051.2734375,68602.9140625,70522.46875,21109354718.0
2026-03-22,67845.2109375,69561.7734375,67372.875,68737.4453125,30108051508.0
2026-03-23,70914.859375,71782.2578125,67458.84375,67843.0,51508669357.0
2026-03-24,70517.859375,71371.3046875,68920.6953125,70912.671875,40181522399.0
2026-03-25,71309.8828125,71985.7421875,70383.59375,70520.046875,35409791747.0
2026-03-26,68791.625,71410.390625,68118.3515625,71310.1171875,38962070215.0
2026-03-27,66338.375,69117.53125,65532.5703125,68790.8359375,46483453594.0
2026-03-28,66319.6953125,67232.859375,65906.7421875,66338.5,20924883455.0
2026-03-29,65954.921875,67052.953125,64971.70703125,66319.6953125,21645889785.0
2026-03-30,66691.4453125,68087.2890625,65759.8046875,65958.3515625,37694994180.0
2026-03-31,68233.3125,68495.2734375,65950.4375,66694.5859375,42997691338.0
2026-04-01,68078.5546875,69230.359375,67555.359375,68232.890625,36465393617.0
2026-04-02,66888.5703125,68633.1484375,65725.2578125,68077.8984375,39323384518.0
2026-04-03,66931.1015625,67296.234375,66281.5390625,66889.015625,22815543346.0
2026-04-04,67290.515625,67515.015625,66769.640625,66938.6484375,15878814963.0
2026-04-05,68981.8984375,69087.65625,66610.6328125,67291.1953125,22972648674.0
2026-04-06,68859.828125,70305.421875,68347.078125,68982.9140625,39542143229.0
2026-04-07,71940.703125,72732.4296875,67740.5078125,68859.375,44650511480.0
2026-04-08,71123.359375,72825.1875,70707.46875,71950.1484375,42444631703.0
2026-04-09,71767.828125,73107.265625,70486.359375,71120.5703125,38799581473.0
2026-04-10,72979.046875,73440.1171875,71434.828125,71774.3671875,37722595732.0
2026-04-11,73054.2734375,73784.234375,72556.3359375,72976.125,23287073965.0
2026-04-12,70753.40625,73154.03125,70540.5703125,73056.046875,29882740487.0
2026-04-13,74484.640625,74896.3125,70588.5234375,70757.6171875,52278211554.0
2026-04-14,74181.609375,76061.7578125,73877.203125,74478.3984375,53540826530.0
2026-04-15,74805.078125,75409.2734375,73549.203125,74182.0234375,38090174312.0
2026-04-16,75152.1328125,75506.5703125,73346.265625,74810.875,41312783855.0
2026-04-17,77126.875,78320.6796875,74558.6015625,75164.0390625,54137194839.0
2026-04-18,75726.2109375,77416.703125,75504.9453125,77136.046875,26014416776.0
2026-04-19,73856.3515625,76243.09375,73802.3828125,75723.6953125,30931515195.0
2026-04-20,75872.5234375,76575.359375,73775.5703125,73854.25,39674447916.0
2026-04-21,76352.7734375,76881.4765625,74852.671875,75872.828125,36453522626.0
2026-04-22,78203.1015625,79468.0,76159.578125,76354.21875,48336654537.0
2026-04-23,78268.953125,78676.9375,77014.453125,78203.875,40354900916.0
2026-04-24,77455.3125,78554.09375,77318.4453125,78263.8203125,32784213526.0
2026-04-25,77612.015625,77882.640625,77184.6640625,77457.2109375,16702933134.0
2026-04-26,78657.5390625,78923.5625,77334.890625,77613.1171875,21482934750.0
2026-04-27,77366.625,79488.171875,76481.34375,78661.015625,38135631927.0
2026-04-28,76350.671875,77483.8671875,75673.6015625,77368.1171875,32056900880.0
2026-04-29,75776.1328125,77884.96875,74958.5703125,76350.6875,41460907886.0
2026-04-30,76304.3203125,76611.484375,75318.984375,75778.6328125,29497862305.0
2026-05-01,78179.0,78894.9765625,76294.6953125,76305.0546875,39164328894.0
2026-05-02,78657.25,79119.7890625,78031.9609375,78177.75,16761531851.0
2026-05-03,78538.2265625,79402.359375,78073.078125,78656.7265625,20544392639.0
2026-05-04,79827.90625,80742.359375,78217.9609375,78540.2890625,54325085296.0
2026-05-05,80927.0546875,81751.453125,79787.578125,79823.53125,39700107376.0
2026-05-06,81427.53125,82792.2109375,80751.0234375,80930.734375,41751540000.0
2026-05-07,80009.9921875,81684.953125,79522.65625,81428.8515625,36931193154.0
2026-05-08,80186.765625,80447.265625,79205.515625,80009.625,33789351540.0
2026-05-09,80664.3671875,81030.0625,80119.9296875,80187.7421875,18102086996.0
2026-05-10,82138.9296875,82430.171875,80274.1328125,80665.609375,26965971077.0
2026-05-11,81728.296875,82326.234375,80451.421875,82139.046875,32409774919.0
2026-05-12,80477.4921875,81753.03125,79832.1015625,81725.3515625,32186688600.0
2026-05-13,79277.1171875,81276.671875,78725.5078125,80476.7890625,34075428359.0
2026-05-14,81051.25,82005.9609375,78909.6796875,79276.9453125,43731663431.0
2026-05-15,79065.6796875,81634.84375,78635.3671875,81046.8671875,38183347368.0
2026-05-16,78131.4375,79173.5,77630.734375,79066.0,25895799905.0
2026-05-17,77429.3515625,78539.3984375,76783.4140625,78133.5859375,20900166465.0
2026-05-18,76954.171875,77749.3203125,76029.2265625,77426.34375,41520471808.0
2026-05-19,76750.90625,77346.8671875,76082.3671875,76954.75,26031898332.0
2026-05-20,77457.7734375,77775.5703125,76463.6484375,76749.453125,26668360936.0
2026-05-21,77539.171875,78100.5625,76655.4375,77462.5078125,27141485404.0
2026-05-22,75488.2421875,77819.453125,75323.875,77538.1171875,27859040109.0
2026-05-23,76673.3671875,77288.1171875,74255.234375,75488.3125,29973220002.0
2026-05-24,76981.125,77372.5390625,76019.890625,76670.65625,20572738918.0
2026-05-25,77279.9296875,77804.921875,76833.0390625,76981.125,19808387601.0
2026-05-26,75825.734375,77990.8671875,75569.46875,77280.125,35999475458.0
2026-05-27,74344.703125,76014.296875,74136.5,75825.3046875,33802172927.0
2026-05-28,73536.5546875,74460.125,72493.4140625,74339.5703125,40148145327.0
2026-05-29,73372.5234375,74218.5625,72435.625,73537.03125,34457929250.0
2026-05-30,73754.8359375,74020.7578125,73125.234375,73370.8515625,19563589191.0
2026-05-31,73579.6875,74153.5,73315.015625,73753.75,17445435650.0
2026-06-01,71319.7734375,73969.5703125,70599.5078125,73580.2109375,43378836121.0
2026-06-02,66703.65625,71334.953125,66127.265625,71321.03125,54990073882.0
2026-06-03,64014.3671875,67402.9296875,64009.67578125,66694.0078125,47411556213.0
2026-06-04,63801.57421875,64664.4453125,61335.75,64020.0703125,63800151780.0
2026-06-05,60922.66796875,63901.515625,59108.91796875,63807.69140625,71465606706.0
2026-06-06,60867.4140625,61491.703125,59496.625,60924.4765625,30898464957.0
2026-06-07,63239.51953125,64128.04296875,60724.06640625,60866.94140625,36006496194.0
2026-06-08,63090.58984375,64185.765625,62384.66796875,63244.0859375,34133252457.0
2026-06-09,61643.78125,63486.08984375,60756.6875,63092.890625,40144449754.0
2026-06-10,61449.2890625,62788.27734375,60788.0234375,61643.20703125,27493506779.0
2026-06-11,63561.0546875,63851.94921875,61447.96875,61448.87890625,29316677897.0
2026-06-12,63543.19921875,64334.015625,62778.79296875,63547.44140625,26881868307.0
2026-06-13,64421.32421875,64700.87890625,63431.3203125,63541.515625,16956245530.0
2026-06-14,65710.3984375,65749.78125,63634.0234375,64420.16796875,21572226975.0
2026-06-15,66289.5,67248.1328125,65315.8359375,65711.109375,32927321950.0
2026-06-16,65600.640625,66928.609375,65315.0703125,66289.4609375,25063963967.0
2026-06-17,64418.4453125,66354.625,63870.9296875,65600.4296875,31288885189.0
2026-06-18,62896.47265625,64736.921875,62201.14453125,64419.64453125,30432454936.0
2026-06-19,63540.8359375,63568.22265625,62275.58203125,62897.515625,22361931660.0
2026-06-20,64239.67578125,64307.13671875,63149.66015625,63535.80859375,17486384117.0
2026-06-21,63237.5390625,64506.578125,63221.0,64242.32421875,15739619591.0
2026-06-22,63952.10546875,65544.0,63233.53125,63240.7890625,26561496819.0
2026-06-23,62668.01953125,64196.5625,61893.20703125,63952.79296875,29608942370.0
2026-06-24,60995.1328125,63097.7578125,59029.85546875,62663.03125,42644106535.0
2026-06-25,59721.67578125,61868.90625,58075.921875,60992.0703125,40625024718.0
2026-06-26,60016.4296875,60647.1875,58269.125,59712.0546875,41502864671.0
2026-06-27,59940.09765625,60835.046875,59794.62109375,60016.3125,15099836554.0
2026-06-28,59532.33984375,60432.70703125,58879.6328125,59940.3515625,16282230874.0
2026-06-29,60138.37890625,60682.33984375,58856.1875,59522.7890625,30829983083.0
2026-06-30,58558.859375,60173.21875,58111.671875,60136.453125,32747419391.0
2026-07-01,60003.7578125,61223.76953125,57747.765625,58562.4453125,37904450118.0
2026-07-02,61485.30078125,62117.875,59532.32421875,60004.76953125,40109297349.0
2026-07-03,62544.19921875,62879.0078125,61176.72265625,61492.06640625,26131813598.0
2026-07-04,63088.3046875,63398.41015625,62287.5859375,62545.12890625,18608397613.0
2026-07-05,63547.8828125,63935.84765625,62413.9921875,63089.05859375,18267466154.0
2026-07-06,63995.015625,64597.5703125,61275.828125,63551.015625,36552222303.0
2026-07-07,63297.39453125,64257.6328125,62623.93359375,63994.59765625,31026493556.0
2026-07-08,62257.57421875,63706.88671875,61492.6484375,63293.51953125,27349235354.0
2026-07-09,63193.1484375,63422.94140625,61645.75390625,62257.31640625,26546256117.0
2026-07-10,64127.140625,64658.96875,62902.0625,63194.359375,27450201269.0
2026-07-11,63802.02734375,64445.4609375,63785.62109375,64127.96875,13954689047.0
2026-07-12,63758.21875,64243.1328125,63606.82421875,63791.40234375,19043437787.0
2026-07-13,62239.12109375,64340.8828125,61769.0,63757.171875,37650044790.0
2026-07-14,64956.11328125,65046.1328125,62207.5234375,62238.5859375,29841287318.0
2026-07-15,64712.375,65507.59375,64442.8203125,64959.80859375,27029791676.0
2026-07-16,63789.28125,64931.85546875,63701.8046875,64713.296875,27232426674.0
2026-07-17,63899.4609375,64332.01953125,62489.453125,63789.91015625,27280236800.0
2026-07-18,64796.6015625,64816.50390625,63845.015625,63899.1796875,14162542470.0
2026-07-19,64690.8046875,64909.88671875,64250.9140625,64799.27734375,15000653941.0
2026-07-20,65230.02734375,65735.71875,63720.390625,64684.41796875,30988932408.0
2026-07-21,66505.125,66910.0625,65113.65625,65228.87109375,29554470321.0
2026-07-22,66100.796875,66694.6484375,65514.17578125,66506.7890625,28142272410.0
2026-07-23,65044.8125,66282.3828125,64610.609375,66100.1328125,24364433538.0
2026-07-24,64098.49609375,65760.484375,63686.03515625,65044.95703125,25917559237.0
2026-07-25,64311.8125,64386.0625,63753.02734375,64098.4921875,13817493398.0
2026-07-26,65340.30078125,65503.76953125,64233.453125,64311.78515625,14301494281.0
2026-07-27,63724.8984375,65658.3359375,63562.484375,65340.58984375,26183821002.0
2026-07-28,63871.36328125,64026.921875,62714.8046875,63723.48828125,24128738898.0
2026-07-29,63908.16796875,64638.6953125,63206.2109375,63871.39453125,28611167472.0
2026-07-30,64725.30859375,65071.4453125,63533.90625,63908.625,26250039650.0
2026-07-31,62813.74609375,65328.18359375,62410.8671875,64723.96875,30439749629.0
2026-08-01,62763.3203125,63091.59765625,62233.01171875,62813.6640625,13553286543.0
2026-08-02,63482.0,63714.61328125,62745.25390625,62763.4453125,15901776708.0
2026-08-03,63460.8984375,64020.32421875,62226.578125,63485.44140625,26038889824.0
2026-08-04,64055.953125,64466.9375,63277.68359375,63458.41015625,23662357784.0
2026-08-05,64597.5,64954.34765625,63829.71875,64054.87890625,23568584891.0
2026-08-06,64262.11328125,64934.4921875,64098.4765625,64595.44921875,18529402711.0
2026-08-07,64880.19140625,65330.609375,64113.2734375,64257.48828125,22165720102.0
2026-08-08,64904.6875,65140.48046875,64797.11328125,64882.546875,12350094271.0
2026-08-09,64844.88671875,65401.69140625,64677.6015625,64906.55078125,13234538380.0
2026-08-10,63910.5859375,65321.83984375,63752.56640625,64845.3828125,22384770392.0
2026-08-11,63551.875,64433.6796875,63185.47265625,63910.17578125,20824820662.0
2026-08-12,63402.43359375,64381.078125,63251.11328125,63551.87109375,23063864553.0
2026-08-13,63402.171875,63926.33203125,62799.2890625,63404.42578125,18765583756.0
2026-08-14,62975.59375,63551.5625,62487.69921875,63402.08984375,20280053024.0
2026-08-15,63024.3203125,63119.1328125,62850.9609375,62974.3359375,10033057106.0
2026-08-16,62818.65234375,63310.77734375,62648.57421875,63023.421875,9078986635.0
2026-08-17,64506.25390625,64547.84765625,62687.1015625,62819.37890625,21555405073.0
2026-08-18,64680.7109375,64987.7109375,63980.32421875,64506.5234375,18728001793.0
2026-08-19,69266.1875,69996.953125,64111.0703125,64680.046875,46228098443.0
2026-08-20,73032.7578125,73369.8046875,68867.53125,69268.25,55444322363.0
2026-08-21,78335.1875,79463.7109375,73011.4140625,73031.0859375,74478039014.0
2026-08-22,77083.4140625,78801.1484375,76526.7109375,78332.5546875,42131959963.0
2026-08-23,77755.265625,78036.8671875,75624.9453125,77082.84375,31158396908.0
2026-08-24,78964.484375,79970.109375,76688.828125,77748.875,55502180329.0
2026-08-25,78564.9765625,81235.03125,77870.625,78960.09375,46728068401.0
2026-08-26,79027.421875,79240.5,77639.8359375,78538.5859375,29329039002.0
2026-08-27,80257.5390625,80806.5625,78591.1015625,79037.921875,34033075972.0
2026-08-28,77830.2890625,81346.953125,76909.3515625,80264.6484375,39362871737.0
2026-08-29,78245.8125,78327.9453125,77381.8984375,77830.890625,14053131399.0
2026-08-30,77667.5703125,79373.1796875,77056.1484375,78246.171875,19314839672.0
2026-08-31,78548.6328125,79247.34375,77378.4375,77673.703125,30608386987.0
2026-09-01,77403.625,79196.515625,76399.0625,78539.859375,30608796575.0
2026-09-02,77300.4765625,77737.546875,76248.3046875,77402.140625,26525296646.0
2026-09-03,81271.7421875,82262.2109375,76940.8828125,77300.1640625,40504199354.0
2026-09-04,79671.96875,81433.1484375,78641.625,81271.5390625,37501874897.0
2026-09-05,79823.8671875,80194.5078125,79465.0625,79671.703125,18559708494.0
2026-09-06,80350.046875,80530.6484375,79327.5,79824.6015625,19391863269.0
2026-09-07,79115.8515625,80432.3125,78684.9296875,80349.1953125,23414434445.0
2026-09-08,78438.578125,79463.2734375,77635.6875,79114.90625,34680168667.0
2026-09-09,78259.5234375,79737.296875,77768.1484375,78440.6015625,29192409298.0
2026-09-10,76568.125,78520.96875,76470.640625,78260.3828125,30120111719.0
2026-09-11,77173.796875,79818.3359375,76162.9140625,76559.125,37410998193.0
2026-09-12,77270.46875,77479.65625,77045.0,77175.0703125,12664765797.0
2026-09-13,76838.15625,77415.65625,76498.3828125,77270.1796875,13607872549.0
2026-09-14,78163.3828125,79568.953125,76367.375,76830.28125,29909358382.0
2026-09-15,75612.5078125,78242.546875,74944.59375,78162.484375,39694675220.0
2026-09-16,76150.3203125,76474.078125,74995.5234375,75611.796875,30053315577.0
2026-09-17,76403.7734375,77079.1640625,75945.5546875,76152.0546875,21917458567.0
2026-09-18,80901.4609375,81331.765625,76228.328125,76405.015625,40378562386.0
2026-09-19,80901.4609375,81331.765625,76228.328125,76405.015625,40378562386.0
2026-09-20,80901.4609375,81331.765625,76228.328125,76405.015625,40378562386.0
